t,steer,speed
1746722618798202880,0.0,0.0
1746722618898160896,0.0,0.0
1746722618998254080,0.0,0.0
1746722619098379008,0.0,0.0
1746722619199041024,-0.5,0.6277462244033813
1746722619298235392,-0.05076856166124344,2.0657002925872803
1746722619398122752,-0.13020877540111542,2.7593226432800293
1746722619498202368,-0.3638498783111572,3.4546544551849365
1746722619598260736,-0.103508859872818,4.268509864807129
1746722619698197504,-0.06359885632991791,4.579985618591309
1746722619798124800,-0.05036954581737518,5.248331069946289
1746722619898153216,-0.042964231222867966,5.559724807739258
1746722619998191872,-0.047647446393966675,5.92319393157959
1746722620098189824,-0.13972648978233337,6.542501449584961
1746722620198161152,-0.08806124329566956,7.522183418273926
1746722620298162944,-0.14344361424446106,7.608972072601318
1746722620398209280,-0.12279470264911652,8.01516056060791
1746722620498277376,-0.14901484549045563,8.62717342376709
1746722620598251520,-0.1531025469303131,8.23356819152832
1746722620698256384,-0.15544629096984863,7.926759719848633
1746722620798208768,-0.16497500240802765,7.80233097076416
1746722620898209792,-0.15787352621555328,7.897757053375244
1746722620998186496,-0.18314477801322937,8.190378189086914
1746722621098205696,-0.12771211564540863,8.140772819519043
1746722621198228480,-0.08442795276641846,8.374581336975098
1746722621298141952,-0.11961357295513153,7.720244407653809
1746722621398156800,-0.12200657278299332,7.921284198760986
1746722621498255360,-0.15412628650665283,8.152154922485352
1746722621598210048,-0.1297624111175537,8.4793119430542
1746722621698229760,-0.19493412971496582,7.718210220336914
1746722621798258688,-0.1520523875951767,8.241059303283691
1746722621898126592,-0.15622088313102722,7.91799259185791
1746722621998193664,-0.13381528854370117,7.904305934906006
1746722622098142464,-0.1197810247540474,8.277088165283203
1746722622198166016,-0.1614329069852829,7.927985668182373
1746722622298130176,-0.17463797330856323,8.014679908752441
1746722622398214400,-0.2042628973722458,8.00830364227295
1746722622498164480,-0.21604026854038239,8.189193725585938
1746722622598131968,-0.23178289830684662,8.243700981140137
1746722622698149376,-0.16055558621883392,8.20201587677002
1746722622798270208,-0.1471717208623886,7.65152645111084
1746722622898209024,-0.16538646817207336,8.104230880737305
1746722622998159872,-0.12959890067577362,8.093716621398926
1746722623098197760,-0.1564541906118393,8.057034492492676
1746722623198253824,-0.09391756355762482,8.49083423614502
1746722623298214656,-0.061632927507162094,8.00020694732666
1746722623398195712,-0.03837452083826065,8.200429916381836
1746722623498261248,-0.0393686480820179,7.714098930358887
1746722623598193664,-0.02283620461821556,8.072339057922363
1746722623698308352,-0.014349179342389107,7.93851900100708
1746722623798233088,-0.008463112637400627,8.575272560119629
1746722623898277120,-0.0061245509423315525,7.633554935455322
1746722623998327296,-0.003355270717293024,8.536402702331543
1746722624098192896,-0.0023189992643892765,7.946484088897705
1746722624198194944,-0.0017770708072930574,7.70465612411499
1746722624298186240,-0.002077371347695589,8.495382308959961
1746722624398174464,-0.005500682629644871,8.092695236206055
1746722624498268928,-0.0027874482329934835,7.944701671600342
1746722624598210816,-0.001578855561092496,7.884500503540039
1746722624698221312,-0.0007697460241615772,8.244463920593262
1746722624798245888,-0.00044540755334310234,8.02236557006836
1746722624898199552,0.00017155444948002696,8.24549674987793
1746722624998273024,-5.010429595131427e-05,8.009512901306152
1746722625098219776,-0.00022621294192504138,7.929884910583496
1746722625198213888,-0.00014517844829242676,8.306529998779297
1746722625298231552,0.001876487280242145,7.823771953582764
1746722625398195968,0.0056071518920362,8.060867309570312
1746722625498128896,0.002671213820576668,8.40971565246582
1746722625598199296,0.0017636899137869477,8.103622436523438
1746722625698218240,0.0008830832084640861,8.046858787536621
1746722625798221824,0.0006329419557005167,8.09453010559082
1746722625898267136,0.0003600737836677581,7.935528755187988
1746722625998239488,0.006775788497179747,8.12009334564209
1746722626098226176,0.004064988810569048,7.93452787399292
1746722626198199040,0.0024617917370051146,7.340080261230469
1746722626298164736,0.0014100930420681834,7.64983606338501
1746722626398184704,0.0016649506287649274,7.647087574005127
1746722626498187008,0.002102250698953867,7.211186408996582
1746722626598188032,0.000917782133910805,7.6276984214782715
1746722626698173440,0.0003895638801623136,6.953070640563965
1746722626798204672,0.00044853720464743674,7.348247528076172
1746722626898188800,0.00022400134184863418,7.032752990722656
1746722626998170112,0.00013433964340947568,6.624789714813232
1746722627098149888,1.1689963685057592e-05,6.925155162811279
1746722627198222592,0.0009484150214120746,6.721796989440918
1746722627298201856,0.0004971481976099312,6.551729679107666
1746722627398130688,-8.198542491300032e-05,6.513110637664795
1746722627498190592,0.0005492165801115334,6.819034099578857
1746722627598220800,1.3068802218185738e-05,6.265939712524414
1746722627698114560,5.6057200708892196e-05,6.127445220947266
1746722627798355712,-8.332046490977518e-06,6.254549980163574
1746722627898201856,0.0002158136630896479,6.259860515594482
1746722627998263296,-3.297701186966151e-05,5.870879173278809
1746722628098206208,0.0004517891211435199,5.835947513580322
1746722628198229760,-5.4696498409612104e-05,6.124711036682129
1746722628298323712,4.40281983173918e-05,5.587076663970947
1746722628398231040,0.00015125430945772678,5.754878997802734
1746722628498226432,-5.3261563152773306e-05,5.25784158706665
1746722628598117632,0.00016415870049968362,5.988356113433838
1746722628698238464,0.00020807595865335315,5.155203342437744
1746722628798173184,-0.00045869656605646014,5.57816743850708
1746722628898264576,0.00023553372011519969,5.372406959533691
1746722628998132480,-0.0001334816770395264,5.045782089233398
1746722629098253312,0.0009275716729462147,5.193106174468994
1746722629198243072,-0.0008211427484638989,5.1645307540893555
1746722629298226688,6.554569699801505e-05,5.074782371520996
1746722629398202880,0.0004875457671005279,4.8774309158325195
1746722629498127616,0.0010071825236082077,5.045612335205078
1746722629598155264,-0.0001782266772352159,4.791518211364746
1746722629698108160,-0.00513489218428731,4.269078731536865
1746722629798153472,-0.00297170109115541,3.4808621406555176
1746722629898182912,-0.0005448605515994132,3.451852321624756
1746722629998317056,0.0003851370420306921,2.826659679412842
1746722630098243584,-0.0018746446585282683,2.5153279304504395
1746722630198260992,-0.00011267648369539529,1.951601266860962
1746722630298178304,0.001254223519936204,1.2929065227508545
1746722630398199296,0.5,0.012471950612962246
1746722630498150656,0.0,0.0024425964802503586
1746722630598227456,0.0,0.0016390591626986861
1746722630698250752,0.0,0.0010685501620173454
1746722630798314752,0.0,0.00041934713954105973
1746722630898226688,0.0,0.0003436254046391696
1746722630998115328,0.0,0.0002673267154023051
1746722631098188544,0.0,0.00011435704800533131
1746722631198202880,0.0,3.814155206782743e-05
1746722631298381312,0.0,3.807900793617591e-05
1746722631398219520,0.0,7.64177311793901e-05
1746722631498172672,0.0,0.0
1746722631598222080,0.0,0.0
1746722631698166272,0.0,0.0
1746722631798198016,0.0,0.0
1746722631898145536,0.0,0.0
1746722631998200832,0.0,0.0
1746722632098107136,0.0,0.0
1746722632198125056,0.0,0.0
1746722632298157568,0.0,0.0
1746722632398159104,0.0,0.0
1746722632498159104,0.0,0.0
1746722632598252544,0.0,0.0
1746722632698206464,0.0,0.0
1746722632798269696,0.0,0.0
1746722632898164224,0.0,0.0
1746722632998190848,0.0,0.0
1746722633098202368,0.0,0.0
1746722633198158848,0.0,0.0
1746722633298200832,0.0,0.0
1746722633398196992,0.0,0.0
1746722633498283776,0.0,0.0
1746722633598217984,0.0,0.0
1746722633698234368,0.0,0.0
1746722633798232576,0.0,0.0
1746722633898251520,0.0,0.0
1746722633998436608,0.0,0.0
1746722634098500608,0.0,0.0
1746722634199181312,0.0,0.0
1746722634298266112,0.0,0.0
1746722634398282240,0.0,0.0
1746722634498258432,0.0,0.0
1746722634598214144,0.0,0.0
1746722634698162432,0.0,0.0
1746722634798251520,0.0,0.0
1746722634898127872,0.0,0.0
1746722634998227200,0.0,0.0
1746722635098233856,0.0,0.0
1746722635198209792,0.0,0.0
1746722635298214400,0.0,0.0
1746722635398182912,0.0,0.0
1746722635498177792,0.0,0.0
1746722635598169600,0.0,0.0
1746722635698127616,0.0,0.0
1746722635798940928,0.0,0.0
1746722635898160384,0.0,0.0
1746722635998123264,0.0,0.0
1746722636098332160,0.0,0.0
1746722636198210816,0.0,0.0
1746722636298317056,0.0,0.0
1746722636398215936,0.0,0.0
1746722636498216192,0.0,0.0
1746722636598160384,0.0,0.0
1746722636698193152,0.0,0.0
1746722636798321664,0.0,0.0
1746722636898245632,0.0,0.0
1746722636998188800,0.0,0.0
1746722637098265088,0.0,0.0
1746722637198242304,0.0,0.0
1746722637298223104,0.0,0.0
1746722637398295552,0.0,0.0
1746722637498204928,0.0,0.0
1746722637598219520,0.0,0.0
1746722637698136832,0.0,0.0
1746722637798237952,0.0,0.0
1746722637898204160,0.0,0.0
1746722637998252032,0.0,0.0
1746722638098207744,0.0,0.0
1746722638198217472,0.0,0.0
1746722638298211840,0.0,0.0
1746722638398222848,0.0,0.0
1746722638498152448,0.0,0.0
1746722638598246656,0.0,0.0
1746722638698202624,0.0,0.0
1746722638798194432,0.0,0.0
1746722638898272000,0.0,0.0
1746722638998240512,0.0,0.0
1746722639098294016,0.0,0.0
1746722639198228736,0.0,0.0
1746722639298262784,0.0,0.0
1746722639398141440,0.0,0.0
1746722639498280960,0.0,0.0
1746722639598152960,0.0,0.0
1746722639698166016,0.0,0.0
1746722639798231296,0.0,0.0
1746722639898178560,0.0,0.0
1746722639998212608,0.0,0.0
1746722640098140672,0.0,0.0
1746722640198175232,0.0,0.0
1746722640298187264,0.0,0.0
1746722640398306816,0.0,0.0
1746722640498154496,0.0,0.0
1746722640598166272,0.0,0.0
1746722640698151680,0.0,0.0
1746722640798173952,0.0,0.0
1746722640898217728,0.0,0.0
1746722640998220800,0.0,0.0
1746722641098247680,0.0,0.0
1746722641198196736,0.0,0.0
1746722641298207232,0.0,0.0
1746722641398248960,0.0,0.0
1746722641498226688,0.0,0.0
1746722641598256640,0.0,0.0
1746722641698156032,0.0,0.0
1746722641798143744,0.0,0.0
1746722641898127104,0.0,0.0
1746722641998167552,0.0,0.0
1746722642098261248,0.0,0.0
1746722642198177536,0.0,0.0
1746722642298220544,0.0,0.0
1746722642398205440,0.0,0.0
1746722642498229248,0.0,0.0
1746722642598186496,0.0,0.0
1746722642698133760,0.0,0.0
1746722642798266112,0.0,0.0
1746722642898132736,0.0,0.0
1746722642998151168,0.0,0.0
1746722643098174208,0.0,0.0
1746722643198287872,0.0,0.0
1746722643298179328,0.0,0.0
1746722643398234368,0.0,0.0
1746722643498251776,0.0,0.0
1746722643598152448,0.0,0.0
1746722643698187520,0.0,0.0
1746722643798209280,0.0,0.0
1746722643898225920,0.0,0.0
1746722643998269952,0.0,0.0
1746722644098163968,0.0,0.0
1746722644198178304,0.0,0.0
1746722644298173952,0.0,0.0
1746722644398175232,0.0,0.0
1746722644498217728,0.0,0.0
1746722644598162176,0.0,0.0
1746722644698217216,0.0,0.0
1746722644798203136,0.0,0.0
1746722644898199040,0.0,0.0
1746722644998256384,0.0,0.0
1746722645098267648,0.0,0.0
1746722645198166016,0.0,0.0
1746722645298181120,0.0,0.0
1746722645398231552,0.0,0.0
1746722645498211840,0.0,0.0
1746722645598206208,0.0,0.0
1746722645698288128,0.0,0.0
1746722645798223872,0.0,0.0
1746722645898108416,0.0,0.0
1746722645998203392,0.0,0.0
1746722646098204160,0.0,0.0
1746722646198205952,0.0,0.0
1746722646298202112,0.0,0.0
1746722646398129408,0.0,0.0
1746722646498236672,0.0,0.0
1746722646598247936,0.0,0.0
1746722646698259712,0.0,0.0
1746722646798204160,0.0,0.0
1746722646898257920,0.0,0.0
1746722646998201088,0.0,0.0
1746722647098227712,0.0,0.0
1746722647198196992,0.0,0.0
1746722647298249216,0.0,0.0
1746722647398206464,0.0,0.0
1746722647498218240,0.0,0.0
1746722647598202112,0.0,0.0
1746722647698167296,0.0,0.0
1746722647798182144,0.0,0.0
1746722647898112000,0.0,0.0
1746722647998206464,0.0,0.0
1746722648098196992,0.0,0.0
1746722648198139648,0.0,0.0
1746722648298167296,0.0,0.0
1746722648398166272,0.0,0.0
1746722648498164736,0.0,0.0
1746722648598229760,0.0,0.0
1746722648698161152,0.0,0.0
1746722648798178816,0.0,0.0
1746722648898232832,0.0,0.0
1746722648998232576,0.0,0.0
1746722649098310656,0.0,0.0
1746722649198169088,0.0,0.0
1746722649298218752,0.0,0.0
1746722649398193664,0.0,0.0
1746722649498230528,0.0,0.0
1746722649598157824,0.0,0.0
1746722649698219776,0.0,0.0
1746722649798254848,0.0,0.0
1746722649898223360,0.0,0.0
1746722649998141184,0.0,0.0
1746722650098164736,0.0,0.0
1746722650198220032,0.0,0.0
1746722650298188800,0.0,0.0
1746722650398158080,0.0,0.0075172726064920425
1746722650498213376,0.09445633739233017,0.21506837010383606
1746722650598223360,0.26541563868522644,0.6534464955329895
1746722650698190592,-0.00492656696587801,1.2050648927688599
1746722650798169856,0.013650266453623772,1.883643627166748
1746722650898187264,-0.0704357922077179,2.344111204147339
1746722650998302464,0.059783969074487686,2.930711269378662
1746722651098687232,-0.010980995371937752,3.5446667671203613
1746722651198192896,-0.001507316599600017,4.3065876960754395
1746722651298270208,0.00015414263179991394,4.457357406616211
1746722651398243072,0.00015414947120007128,4.481065273284912
1746722651498260736,-0.0007886545499786735,4.246269226074219
1746722651598344960,0.004446545150130987,3.965104818344116
1746722651698203648,-0.013741888105869293,4.358547210693359
1746722651798267392,0.012145590968430042,4.413225173950195
1746722651898207744,-0.0020900696981698275,4.9159698486328125
1746722651998144512,-0.048114266246557236,5.519644737243652
1746722652098186752,-0.11456865072250366,5.870626449584961
1746722652198128128,-0.04116430506110191,6.301527500152588
1746722652298243840,-0.021878769621253014,6.889786720275879
1746722652398105088,-0.01506253145635128,7.570789813995361
1746722652498208512,-0.010924584232270718,8.1969575881958
1746722652598283520,-0.008055909536778927,8.135199546813965
1746722652698147328,-0.009381590411067009,8.69096851348877
1746722652798134528,-0.0991300418972969,8.029753684997559
1746722652898219776,-0.09078982472419739,7.838781833648682
1746722652998154496,-0.12242300808429718,8.120061874389648
1746722653098243072,-0.14030329883098602,7.702038288116455
1746722653198185984,-0.12130554765462875,8.513211250305176
1746722653298135296,-0.1582898199558258,7.821883678436279
1746722653398223360,-0.13244566321372986,7.935469150543213
1746722653498209792,-0.15687625110149384,8.500189781188965
1746722653598134528,-0.11523575335741043,7.924137115478516
1746722653698217728,-0.1418752521276474,8.056601524353027
1746722653798212352,-0.1102118045091629,7.7976274490356445
1746722653898235648,-0.17714279890060425,8.015607833862305
1746722653998161152,-0.17839039862155914,7.884307384490967
1746722654098226944,-0.16003663837909698,8.51364517211914
1746722654198220288,-0.15997688472270966,8.049222946166992
1746722654298186240,-0.16130179166793823,8.250994682312012
1746722654398107392,-0.1455167531967163,8.053752899169922
1746722654498200320,-0.15974374115467072,7.7687788009643555
1746722654598198528,-0.13524779677391052,8.223735809326172
1746722654698291200,-0.16184982657432556,8.000244140625
1746722654798190336,-0.17779748141765594,7.998978614807129
1746722654898221568,-0.1677926629781723,8.007807731628418
1746722654998243328,-0.19070318341255188,8.014806747436523
1746722655098254080,-0.2138216197490692,8.251371383666992
1746722655198155520,-0.2274714708328247,7.641700744628906
1746722655298163968,-0.22792133688926697,8.25903606414795
1746722655398159872,-0.2197858989238739,7.965338230133057
1746722655498149888,-0.19499193131923676,8.494141578674316
1746722655598194432,-0.18614912033081055,7.974177837371826
1746722655698158336,-0.2137872725725174,8.028626441955566
1746722655798192640,-0.13988129794597626,7.951175689697266
1746722655898182400,-0.08765602856874466,8.013738632202148
1746722655998180608,-0.056627269834280014,7.918783664703369
1746722656098288384,-0.04170645400881767,8.10905933380127
1746722656198173952,-0.06214764341711998,8.27506160736084
1746722656298178816,-0.0362732857465744,7.995584487915039
1746722656398167296,-0.020572680979967117,8.149495124816895
1746722656498268160,-0.01186337973922491,8.374490737915039
1746722656598145280,-0.008428272791206837,7.645407676696777
1746722656698174720,-0.005282898433506489,8.039041519165039
1746722656798230016,-0.026783999055624008,8.176104545593262
1746722656898302208,-0.11153978109359741,8.143152236938477
1746722656998115328,-0.06353656947612762,8.079129219055176
1746722657098238720,-0.035956282168626785,8.126398086547852
1746722657198157824,-0.0217482578009367,8.166698455810547
1746722657298198272,-0.014102424494922161,8.239166259765625
1746722657398132480,-0.010010973550379276,7.654238700866699
1746722657498151936,-0.07252249121665955,8.213699340820312
1746722657598157056,-0.07035262882709503,8.260951042175293
1746722657698141696,-0.03858327120542526,7.814033508300781
1746722657798197760,-0.03923923522233963,8.07909870147705
1746722657898170624,-0.10346990823745728,8.117514610290527
1746722657998194688,-0.06588871777057648,7.961104393005371
1746722658098142464,-0.03688003495335579,8.487882614135742
1746722658198207232,-0.09035652130842209,7.890870094299316
1746722658298269952,-0.08985471725463867,8.166666984558105
1746722658398235904,-0.05071239173412323,8.069113731384277
1746722658498125312,-0.05137984827160835,8.180700302124023
1746722658598117120,-0.11313779652118683,7.915536880493164
1746722658698232320,-0.06524524092674255,7.895703315734863
1746722658798224640,-0.04089008644223213,8.030218124389648
1746722658898119680,-0.08246078342199326,8.48065185546875
1746722658998117376,-0.09728121757507324,8.05452823638916
1746722659098240512,-0.05190781503915787,7.955049991607666
1746722659198206720,-0.048108767718076706,7.8350043296813965
1746722659298210816,-0.11094345152378082,8.16365909576416
1746722659398140928,-0.07024998962879181,7.987196922302246
1746722659498138880,-0.040000636130571365,8.483155250549316
1746722659598140160,-0.0669730082154274,7.910380840301514
1746722659698280704,-0.10913233458995819,7.840173244476318
1746722659798169344,-0.057091712951660156,8.50207233428955
1746722659898193408,-0.04582112655043602,8.067096710205078
1746722659998232576,-0.11291712522506714,7.937949180603027
1746722660098244352,-0.07376628369092941,8.289870262145996
1746722660198232576,-0.04726080968976021,7.683694362640381
1746722660298210560,-0.06564029306173325,8.328071594238281
1746722660398213888,-0.10963048785924911,7.9499006271362305
1746722660498264320,-0.05756627023220062,8.375042915344238
1746722660598185984,-0.04155012592673302,7.661062717437744
1746722660698237696,-0.10184381902217865,8.369975090026855
1746722660798227200,-0.08078957349061966,8.017141342163086
1746722660898135808,-0.045063674449920654,7.9327239990234375
1746722660998183680,-0.07010234892368317,8.01486587524414
1746722661098186240,-0.09444355964660645,8.098411560058594
1746722661198262272,-0.04965757951140404,8.470108985900879
1746722661298205696,-0.03403459116816521,7.766202449798584
1746722661398123520,-0.08379988372325897,8.257576942443848
1746722661498127616,-0.07781387865543365,7.834884166717529
1746722661598224128,-0.03853103145956993,8.25304126739502
1746722661698239232,-0.06621132045984268,8.224030494689941
1746722661798213632,-0.08610957860946655,8.042556762695312
1746722661898184192,-0.04618136212229729,7.928897857666016
1746722661998204928,-0.03654608502984047,8.114631652832031
1746722662098216704,-0.08937904238700867,8.139335632324219
1746722662198205440,-0.058867838233709335,8.081382751464844
1746722662298213376,-0.03379018232226372,8.054487228393555
1746722662398127872,-0.06497937440872192,8.217188835144043
1746722662498212096,-0.07891135662794113,7.917474746704102
1746722662598143744,-0.04366050660610199,7.818424224853516
1746722662698204928,-0.03501371294260025,8.116549491882324
1746722662798231808,-0.08574126660823822,8.48617172241211
1746722662898244096,-0.05604947730898857,8.088303565979004
1746722662998575616,-0.03462480381131172,7.408008098602295
1746722663098734080,-0.052732642740011215,8.461127281188965
1746722663198177536,-0.08629144728183746,8.092609405517578
1746722663298206208,-0.040706194937229156,8.259758949279785
1746722663398202880,-0.051727768033742905,7.763916969299316
1746722663498141696,-0.08536510914564133,8.054093360900879
1746722663598242816,-0.048262182623147964,8.174833297729492
1746722663698171136,-0.02929079905152321,8.199283599853516
1746722663798148608,-0.07765767723321915,8.028756141662598
1746722663898245632,-0.06652047485113144,8.037080764770508
1746722663998178048,-0.037388093769550323,8.11827278137207
1746722664098137600,-0.05034562200307846,7.995654582977295
1746722664198177792,-0.08630680292844772,8.007028579711914
1746722664298207488,-0.04341200366616249,8.473888397216797
1746722664398223360,-0.03644569590687752,7.948244571685791
1746722664498279168,-0.08819068968296051,7.806019306182861
1746722664598217984,-0.053468119353055954,8.503495216369629
1746722664698214912,-0.034949153661727905,7.629565715789795
1746722664798202112,-0.05770083889365196,8.511837005615234
1746722664898150912,-0.07960965484380722,7.967434883117676
1746722664998226688,-0.041256409138441086,7.904134750366211
1746722665098205184,-0.038219403475522995,7.870805263519287
1746722665198225920,-0.09995720535516739,7.754767417907715
1746722665298183424,-0.06040177866816521,8.041028022766113
1746722665398184704,-0.03633993864059448,7.608163356781006
1746722665498264832,-0.021711960434913635,7.384061336517334
1746722665598188288,-0.014008669182658195,7.432130336761475
1746722665698211840,-0.008964452892541885,7.249053478240967
1746722665798214656,-0.00939252134412527,7.2116241455078125
1746722665898220544,-0.047159500420093536,6.960358619689941
1746722665998190848,-0.026446644216775894,7.2123122215271
1746722666098199808,-0.014365620911121368,6.964428901672363
1746722666198222080,-0.00972582958638668,6.445584774017334
1746722666298204160,-0.005105968564748764,6.755781173706055
1746722666398203904,-0.005292033310979605,6.832632541656494
1746722666498197504,-0.0016056675231084228,6.462141513824463
1746722666598214656,-0.01859048753976822,6.35006856918335
1746722666698351360,-0.015353589318692684,6.377310276031494
1746722666798129920,-0.00666026072576642,6.296328067779541
1746722666898202112,-0.0057223401963710785,6.281475067138672
1746722666998227456,-0.003659549169242382,5.778195381164551
1746722667098215168,-0.0013651156332343817,6.314705848693848
1746722667198211584,-0.0011316889431327581,5.838318347930908
1746722667298212864,-0.001371424295939505,5.8830718994140625
1746722667398209280,-0.007998683489859104,5.621150970458984
1746722667498167296,-0.006518831010907888,5.772481918334961
1746722667598208768,-0.004158710595220327,5.574109077453613
1746722667698157824,-0.00039372831815853715,5.391398906707764
1746722667798243328,-0.0037386612966656685,5.019688606262207
1746722667898168320,-0.00023241886810865253,4.464583873748779
1746722667998254336,-0.0009218878694809973,4.055494785308838
1746722668098239488,-0.00027649966068565845,3.5803141593933105
1746722668198217984,-0.0006754851201549172,3.1902554035186768
1746722668298197760,-0.0004940255894325674,2.790804386138916
1746722668398212608,-0.0004047924012411386,2.140833854675293
1746722668498237952,-2.9500839445972815e-05,1.9226547479629517
1746722668598123520,-0.007735650520771742,0.5997992157936096
1746722668698138368,0.0,0.001687751617282629
1746722668798226176,0.0,0.0023309385869652033
1746722668898297088,0.0,0.001329432358033955
1746722668998242816,0.0,0.0006583937793038785
1746722669098236928,0.0,0.00040056652505882084
1746722669198257664,0.0,0.0003337163070682436
1746722669298406400,0.0,0.0001904516975628212
1746722669398284032,0.0,9.071009117178619e-05
1746722669498195200,0.0,4.7725978220114484e-05
1746722669598295808,0.0,4.287235060473904e-05
1746722669698146816,0.0,2.3877404601080343e-05
1746722669798171648,0.0,1.4301547707873397e-05
1746722669898203904,0.0,4.766841811942868e-06
1746722669998176000,0.0,0.0
1746722670098223360,0.0,4.7661146709288005e-06
1746722670198198528,0.0,0.0
1746722670298177280,0.0,0.0
1746722670398146304,0.0,0.0
1746722670498200576,0.0,0.0
1746722670598136320,0.0,0.0
1746722670698257408,0.0,0.0
1746722670798148352,0.0,9.547154149913695e-06
1746722670898175744,0.0,0.0
1746722670998205184,0.0,0.0
1746722671098273536,0.0,0.0
1746722671198179840,0.0,0.0
1746722671298191616,0.0,0.0
1746722671398168320,0.0,0.0
1746722671498194176,0.0,0.0
1746722671598115328,0.0,0.0
1746722671698243584,0.0,0.0
1746722671798207232,0.0,0.0
1746722671898224128,0.0,0.0
1746722671998223360,0.0,0.0
1746722672098203648,0.0,0.0
1746722672198206976,0.0,0.0
1746722672298209024,0.0,0.0
1746722672398193920,0.0,0.0
1746722672498230528,0.0,0.0
1746722672598169088,0.0,0.0
1746722672698122240,0.0,0.0
1746722672798251008,0.0,0.0
1746722672898208512,0.0,0.0
1746722672998309376,0.0,0.0
1746722673098189824,0.0,0.0
1746722673198218752,0.0,0.0
1746722673298192640,0.0,0.0
1746722673398251776,0.0,0.0
1746722673498209792,0.0,0.0
1746722673598207232,0.0,0.0
1746722673698258688,0.0,0.0
1746722673798205952,0.0,0.0
1746722673898260480,0.0,0.0
1746722673998235136,0.0,0.0
1746722674098254336,0.0,0.0
1746722674198156800,0.0,0.0
1746722674298161152,0.0,0.0
1746722674398260480,0.0,0.0
1746722674498129664,0.0,0.0
1746722674598153728,0.0,0.0
1746722674698168320,0.0,0.0
1746722674798172928,0.0,0.0
1746722674898244096,0.0,0.0
1746722674998249216,0.0,0.0
1746722675098238720,0.0,0.0
1746722675198172928,0.0,0.0
1746722675298246912,0.0,0.0
1746722675398225408,0.0,0.0
1746722675498175488,0.0,0.0
1746722675598227200,0.0,0.0
1746722675698108672,0.0,0.0
1746722675798216192,0.0,0.0
1746722675898199552,0.0,0.0
1746722675998242560,0.0,0.0
1746722676098258176,0.0,0.0
1746722676198246144,0.0,0.0
1746722676299971584,0.0,0.0
1746722676398125312,0.0,0.0
1746722676498169344,0.0,0.0
1746722676598144768,0.0,0.0
1746722676698183680,0.0,0.0
1746722676798258688,0.0,0.0
1746722676898195200,0.0,0.0
1746722676998178304,0.0,0.0
1746722677100527104,0.0,0.0
1746722677198133248,0.0,0.0
1746722677298145792,0.0,0.0
1746722677398149632,0.0,0.0
1746722677498224896,0.0,0.0
1746722677598206720,0.0,0.0
1746722677698230784,0.0,0.0
1746722677798158080,0.0,0.0
1746722677898180352,0.0,0.0
1746722677998186752,0.0,0.0
1746722678098220032,0.0,0.0
1746722678198238720,0.0,0.0
1746722678298121984,0.0,0.0
1746722678398310144,0.0,0.0
1746722678498181120,0.0,0.0
1746722678598197504,0.0,0.0
1746722678698271744,0.0,0.0
1746722678798233600,0.0,0.0
1746722678898813184,0.0,0.0
1746722678998142208,0.0,0.0
1746722679098304768,0.0,0.0
1746722679198263808,0.0,0.0
1746722679298301184,0.0,0.0
1746722679398214144,0.0,0.0
1746722679498262016,0.0,0.0
1746722679598131200,0.0,0.0
1746722679698115584,0.0,0.0
1746722679798173440,0.0,0.0
1746722679898161408,0.0,0.0
1746722679998276096,0.0,0.0
1746722680098215680,0.0,0.0
1746722680198331136,0.0,0.0
1746722680298203136,0.0,0.0
1746722680398251008,0.0,0.0
1746722680498152704,0.5,0.10516223311424255
1746722680598201600,0.2723034620285034,0.506986141204834
1746722680698304768,-0.10677939653396606,1.0158448219299316
1746722680798206976,-0.0024586711078882217,1.6284241676330566
1746722680898212352,0.008298262022435665,2.319998264312744
1746722680998209536,-0.00043308953172527254,2.713303565979004
1746722681098127360,-0.0005644498742185533,3.418858766555786
1746722681198230016,-0.0004546036652754992,4.051136493682861
1746722681298303488,-0.0010390637908130884,4.306972026824951
1746722681398203392,-0.00044285989133641124,5.326550006866455
1746722681498165760,-0.00010154268238693476,4.926794052124023
1746722681598190336,-0.00030119140865281224,5.003439903259277
1746722681698217472,-0.0008168474305421114,4.469884395599365
1746722681798266368,0.0002844541741069406,4.268247127532959
1746722681898195712,0.00035435924655757844,4.731834411621094
1746722681998202368,0.00011591359361773357,4.274649620056152
1746722682098209536,-0.00032218164415098727,4.344817638397217
1746722682198124800,-0.001374805811792612,4.372564315795898
1746722682298375680,-0.0016914018196985126,4.166431903839111
1746722682398197504,-0.0016636254731565714,4.432074546813965
1746722682498263296,0.0001955684565473348,4.719043731689453
1746722682598199296,-0.0006023867172189057,5.427820682525635
1746722682698300160,0.00033408988383598626,5.504152297973633
1746722682798276608,3.835315510514192e-06,6.177249431610107
1746722682898263552,0.00018977948639076203,6.489919662475586
1746722682998248192,-0.00012176232849014923,7.261312007904053
1746722683098305280,-0.00032424303935840726,7.968323707580566
1746722683198225664,-0.0006446341867558658,8.227685928344727
1746722683298201600,-0.0006303107365965843,8.65481948852539
1746722683398205184,5.04868985444773e-05,8.193766593933105
1746722683498190592,-0.0003689150616992265,7.962453365325928
1746722683598205696,9.756025247042999e-05,7.895162105560303
1746722683698216448,1.3147450772521552e-05,7.767127990722656
1746722683798184704,-0.0001774415432009846,8.465229034423828
1746722683898193152,-1.5345282008638605e-05,8.251946449279785
1746722683998354944,-0.0003756510268431157,7.850887298583984
1746722684098235136,-3.1986749036150286e-06,7.786135196685791
1746722684198281216,-0.0001579723902978003,8.073524475097656
1746722684298249472,-6.830193888163194e-05,8.140992164611816
1746722684398219776,-0.0003586245875339955,8.118979454040527
1746722684498233600,4.233457730151713e-05,8.00472640991211
1746722684599247360,-0.00025862662005238235,8.038629531860352
1746722684698148096,-3.7018227885710075e-05,8.586326599121094
1746722684798288128,9.501925524091348e-05,7.878875255584717
1746722684898192384,-0.00010484459198778495,7.91797399520874
1746722684998330880,0.00010037943866336718,7.907216548919678
1746722685098202624,-6.47077058602008e-06,8.23831844329834
1746722685198277120,-6.288565782597288e-05,8.001485824584961
1746722685298207744,0.00010562488023424521,8.237759590148926
1746722685398163968,-0.00013476623280439526,8.409157752990723
1746722685498236928,5.3283030865713954e-05,7.7374186515808105
1746722685598112256,5.5031588999554515e-05,8.358745574951172
1746722685698211072,-8.946212619775906e-05,7.919773578643799
1746722685798464768,5.269412213237956e-05,8.026942253112793
1746722685898177024,-8.401201193919405e-05,7.84604024887085
1746722685998175232,3.990768163930625e-05,8.35754108428955
1746722686098294272,5.013628469896503e-05,8.179298400878906
1746722686198261504,-2.2276895833783783e-05,8.23757553100586
1746722686298217728,-6.295241473708302e-05,7.880270957946777
1746722686398128640,-1.4336510503198951e-05,8.175545692443848
1746722686498297856,7.123403338482603e-05,7.763760089874268
1746722686598204160,4.261653884896077e-05,8.118659973144531
1746722686698265856,-6.472938548540697e-05,8.249894142150879
1746722686798167296,-9.10607286641607e-06,8.251325607299805
1746722686898113792,3.500688399071805e-05,8.041375160217285
1746722686998254336,-5.817169221700169e-05,7.893330097198486
1746722687098135040,5.672286715707742e-05,7.943928241729736
1746722687198140928,-2.48899232246913e-05,8.30277156829834
1746722687298152192,8.64616686158115e-06,8.067305564880371
1746722687398166016,2.3653281459701248e-05,8.151354789733887
1746722687498320128,6.353243225021288e-05,7.710494041442871
1746722687598237952,-4.050226925755851e-05,8.107020378112793
1746722687698154496,6.765588750567986e-06,8.181169509887695
1746722687798161152,-6.085108907427639e-05,8.145299911499023
1746722687898251008,-3.478008147794753e-05,8.289977073669434
1746722687998237184,0.00010180706158280373,8.1742525100708
1746722688098157824,-0.0001437659957446158,7.533154487609863
1746722688198235648,7.24738638382405e-05,8.13132095336914
1746722688298218752,5.526059339899803e-06,8.13791275024414
1746722688398228480,-2.177315764129162e-05,8.463028907775879
1746722688498250496,6.906790804350749e-05,7.933653831481934
1746722688598139392,0.00014385826943907887,8.106805801391602
1746722688698189824,1.2153342140663881e-05,8.193572044372559
1746722688798202112,4.079733571416e-06,7.997925281524658
1746722688898123264,0.0005809356225654483,7.959146976470947
1746722688998236672,-1.8784245185088366e-05,8.3309326171875
1746722689098201600,0.00026840026839636266,8.13393783569336
1746722689198231552,3.947142249671742e-05,7.6003193855285645
1746722689298252032,-5.340513598639518e-05,8.105962753295898
1746722689398130432,-2.2719039407093078e-05,8.189131736755371
1746722689498136832,2.631692268550978e-06,7.990715980529785
1746722689598242048,-0.00019021551997866482,8.222711563110352
1746722689698209280,-0.00012492889072746038,8.057086944580078
1746722689798214400,0.00016024558863136917,8.156157493591309
1746722689898202368,-0.00032132488559000194,8.067048072814941
1746722689998108672,0.00020478623628150672,8.167096138000488
1746722690098248704,7.15311398380436e-05,8.073125839233398
1746722690198193408,-0.00026044793776236475,7.9918437004089355
1746722690298250496,0.00013042431965004653,7.910301685333252
1746722690398296064,-6.509241939056665e-05,8.289188385009766
1746722690498161664,-3.3449143757025013e-06,8.284493446350098
1746722690598199296,5.313560177455656e-05,7.760412693023682
1746722690698122752,9.5893039542716e-05,8.484447479248047
1746722690798287104,-0.0001936999906320125,7.475444793701172
1746722690898138368,6.206986290635541e-05,8.595726013183594
1746722690998229248,-5.6943790696095675e-05,7.924965858459473
1746722691098217984,6.58513672533445e-05,8.095608711242676
1746722691198188032,-7.856461888877675e-05,8.092686653137207
1746722691298160128,0.00010149733861908317,8.274100303649902
1746722691398201856,-0.008798432536423206,7.925461292266846
1746722691498235392,-0.0279819555580616,8.027251243591309
1746722691598232320,-0.013694630935788155,8.329540252685547
1746722691698215424,-0.008161814883351326,7.964241981506348
1746722691798192896,-0.004945731721818447,8.013239860534668
1746722691898106112,-0.0031471934635192156,8.127821922302246
1746722691998297600,-0.0027875208761543036,8.039239883422852
1746722692098131200,-0.058481402695178986,8.033599853515625
1746722692198187008,-0.05425184220075607,7.53387975692749
1746722692298120960,-0.02685513161122799,8.706355094909668
1746722692398148352,-0.01563027873635292,8.125398635864258
1746722692498329344,-0.009820429608225822,7.880396366119385
1746722692598292992,-0.006363001186400652,8.016255378723145
1746722692698340864,-0.035401083528995514,8.057072639465332
1746722692798248704,-0.08225726336240768,8.145480155944824
1746722692898182400,-0.04358057305216789,7.956807613372803
1746722692998252800,-0.02453136071562767,8.026893615722656
1746722693098188288,-0.014814323745667934,8.533435821533203
1746722693198247936,-0.010143599472939968,7.695733070373535
1746722693298216704,-0.006750873755663633,8.186027526855469
1746722693398280192,-0.07464568316936493,7.772376537322998
1746722693498258176,-0.06886041909456253,8.614532470703125
1746722693598249472,-0.03982752934098244,7.917811870574951
1746722693698222848,-0.023403406143188477,7.83306884765625
1746722693798258944,-0.014527617022395134,8.015292167663574
1746722693898146048,-0.009096071124076843,8.4064302444458
1746722693998215168,-0.01418565958738327,8.184854507446289
1746722694098269184,-0.09680165350437164,7.719799041748047
1746722694198211328,-0.061444636434316635,8.2460355758667
1746722694298259200,-0.03502172976732254,8.095630645751953
1746722694398225152,-0.020728589966893196,8.199576377868652
1746722694498296064,-0.013317420147359371,7.897154331207275
1746722694598232832,-0.00832651648670435,8.197269439697266
1746722694698213376,-0.037844736129045486,8.140929222106934
1746722694798167552,-0.09969694912433624,7.634796619415283
1746722694898194688,-0.04724146053195,8.678780555725098
1746722694998172672,-0.031185027211904526,8.055127143859863
1746722695098240000,-0.018451299518346786,8.024561882019043
1746722695198196480,-0.010918838903307915,8.05036449432373
1746722695298157312,-0.012765984982252121,8.195662498474121
1746722695398147840,-0.09187772125005722,7.935271739959717
1746722695498225152,-0.06439302116632462,8.199457168579102
1746722695598280448,-0.037663284689188004,7.6042094230651855
1746722695698243840,-0.020496435463428497,8.591287612915039
1746722695798230272,-0.014711087569594383,7.616718292236328
1746722695898231808,-0.008253655396401882,8.258894920349121
1746722695998238720,-0.02226994000375271,8.165620803833008
1746722696098203904,-0.09743811935186386,8.161442756652832
1746722696198161664,-0.057590287178754807,8.182703971862793
1746722696298124544,-0.03335593640804291,7.63336706161499
1746722696398194432,-0.019261810928583145,8.456757545471191
1746722696498237184,-0.01345445029437542,7.6844563484191895
1746722696598201344,-0.007781342137604952,8.185945510864258
1746722696698168320,-0.04568631574511528,8.22145938873291
1746722696798184192,-0.09824710339307785,8.050141334533691
1746722696898240768,-0.049984876066446304,8.135082244873047
1746722696998249984,-0.02919667214155197,8.155677795410156
1746722697098138880,-0.01808948628604412,8.096248626708984
1746722697198169856,-0.01188825536519289,7.694784164428711
1746722697298169088,-0.010932332836091518,8.141865730285645
1746722697398209792,-0.11018362641334534,8.20549488067627
1746722697498235392,-0.09552961587905884,8.262578964233398
1746722697598181120,-0.051645874977111816,8.019026756286621
1746722697698179072,-0.03014388494193554,8.16993236541748
1746722697798107392,-0.01953577995300293,8.042891502380371
1746722697898196736,-0.012299534864723682,8.127816200256348
1746722697998157568,-0.023095034062862396,8.053675651550293
1746722698098245888,-0.09153198450803757,7.586422920227051
1746722698198267136,-0.05125332623720169,8.139734268188477
1746722698298235136,-0.031656280159950256,8.27105712890625
1746722698398251776,-0.07474792748689651,8.046529769897461
1746722698498184448,-0.08359302580356598,8.309259414672852
1746722698598129920,-0.04368818551301956,8.085488319396973
1746722698698175744,-0.0469796285033226,8.170334815979004
1746722698798161920,-0.09653788059949875,7.933373928070068
1746722698898112256,-0.05551651120185852,8.076634407043457
1746722698998226176,-0.03531394153833389,7.715036392211914
1746722699098184960,-0.07337216287851334,8.056556701660156
1746722699198127616,-0.08034582436084747,8.251588821411133
1746722699298235904,-0.04466484114527702,8.204304695129395
1746722699398246400,-0.058372657746076584,8.292035102844238
1746722699498157568,-0.09496153891086578,7.756234645843506
1746722699598196992,-0.04966709762811661,8.030964851379395
1746722699698209280,-0.03308379650115967,8.040499687194824
1746722699798228224,-0.0859665796160698,8.195974349975586
1746722699898248448,-0.06879422068595886,8.015355110168457
1746722699998197248,-0.04222741723060608,7.908382415771484
1746722700098179328,-0.04994417354464531,8.219079971313477
1746722700198175232,-0.08980973809957504,8.232354164123535
1746722700298148352,-0.053491778671741486,7.9075117111206055
1746722700398203136,-0.03567197173833847,7.843103408813477
1746722700498215424,-0.08870460838079453,8.111804008483887
1746722700598172672,-0.06683266162872314,8.284500122070312
1746722700698237184,-0.042834777384996414,7.473205089569092
1746722700798240768,-0.061848562210798264,8.014094352722168
1746722700898226944,-0.0942573994398117,7.464138984680176
1746722700998196992,-0.04815401881933212,7.660852432250977
1746722701098137856,-0.035174548625946045,7.155345439910889
1746722701198234880,-0.09460897743701935,7.366918087005615
1746722701298255360,-0.07051269710063934,7.3582539558410645
1746722701398263296,-0.040688108652830124,6.989261150360107
1746722701498258176,-0.03061731532216072,6.9756550788879395
1746722701598259456,-0.11953593045473099,6.893448352813721
1746722701698206464,-0.08600594103336334,6.850310325622559
1746722701798247424,-0.04657766595482826,6.717737674713135
1746722701898200832,-0.02945229969918728,6.952211856842041
1746722701998268416,-0.021839164197444916,6.257721900939941
1746722702098189056,-0.013923495076596737,6.628876686096191
1746722702198219520,-0.010750309564173222,6.179274559020996
1746722702298290688,-0.007841773331165314,6.310749053955078
1746722702398203904,-0.09391103684902191,6.353496551513672
1746722702498202624,-0.21406759321689606,6.320162773132324
1746722702598224128,-0.10481353849172592,5.935196876525879
1746722702698270208,-0.058518487960100174,6.052746295928955
1746722702798216960,-0.040247805416584015,5.816157817840576
1746722702898220288,-0.02964628115296364,5.624496936798096
1746722702998324480,-0.11342283338308334,5.65402364730835
1746722703098241024,-0.13095442950725555,5.591841697692871
1746722703198203648,-0.0631219819188118,5.571069717407227
1746722703298118656,-0.03567862510681152,5.560546398162842
1746722703398237440,-0.02561401203274727,5.363065242767334
1746722703498221056,-0.01901671662926674,5.407782077789307
1746722703598217472,-0.013705171644687653,5.40730094909668
1746722703698155776,-0.011130467988550663,5.121416091918945
1746722703798254080,-0.008834995329380035,4.975017070770264
1746722703898242048,-0.007038359995931387,4.897625923156738
1746722703998205952,-0.03505098447203636,5.316686630249023
1746722704098154752,-0.09026378393173218,4.75607442855835
1746722704198233856,-0.026784192770719528,4.773521423339844
1746722704298205184,-0.014320127665996552,4.7316107749938965
1746722704398193664,-0.010203519836068153,4.848061561584473
1746722704498185728,-0.008170469664037228,4.5969767570495605
1746722704598308608,-0.006424644961953163,4.546823501586914
1746722704698205952,-0.005437083076685667,4.470473766326904
1746722704798242560,-0.004036283120512962,4.7195234298706055
1746722704898215680,-0.0032759869936853647,4.358286380767822
1746722704998230528,-0.00321213249117136,4.1933794021606445
1746722705098176256,-0.02889956906437874,4.374471664428711
1746722705198141952,-0.03812972456216812,4.322452545166016
1746722705298251008,-0.006841633934527636,4.678948879241943
1746722705398204160,-0.005752176977694035,4.782752513885498
1746722705498116608,-0.0038334946148097515,5.7365617752075195
1746722705601113600,-0.0034301811829209328,5.640313625335693
1746722705698107904,-0.0026329050306230783,7.0792317390441895
1746722705798289664,-0.0017691109096631408,7.231130123138428
1746722705898246144,-0.0013590616872534156,7.744541168212891
1746722705998191616,-0.006919148378074169,8.089393615722656
1746722706098240768,-0.009032429195940495,8.252972602844238
1746722706198193408,-0.004044570028781891,8.245572090148926
1746722706298220800,-0.002598297083750367,8.159710884094238
1746722706398254592,-0.0014203928876668215,7.986790657043457
1746722706498222848,-0.0010526877595111728,7.869543075561523
1746722706598234112,-0.0023556130472570658,7.90082311630249
1746722706698191872,-0.004021953791379929,8.469579696655273
1746722706798323968,-0.0016797153512015939,7.822659492492676
1746722706898240512,-0.0013219867832958698,8.245382308959961
1746722706998357504,-0.0006480130832642317,7.795752048492432
1746722707098125824,-0.00013584991393145174,8.380861282348633
1746722707198115584,-0.00038645652239210904,8.193828582763672
1746722707298156800,-0.0018807209562510252,7.925720691680908
1746722707398276864,-0.0011547254398465157,7.778438091278076
1746722707498250752,-0.0006378220277838409,8.22603988647461
1746722707598275840,-0.00019625693676061928,7.938929557800293
1746722707698235392,-4.286151670385152e-05,8.174680709838867
1746722707798245120,-0.0003517882723826915,7.977840423583984
1746722707898151680,-0.0008106182212941349,8.522777557373047
1746722707998196480,-0.0002472837804816663,8.071232795715332
1746722708098191104,-0.0003367195022292435,8.075421333312988
1746722708198252544,-0.00040096373413689435,7.900012493133545
1746722708298283008,4.25732578150928e-05,8.029969215393066
1746722708398156032,-7.510353316320106e-05,8.283963203430176
1746722708498232064,-0.0002993615053128451,7.673862934112549
1746722708598172928,8.152451482601464e-05,8.542847633361816
1746722708698147584,-0.00019602826796472073,7.813760280609131
1746722708798200064,-7.690605343668722e-06,7.907032012939453
1746722708898187264,-0.0003473472024779767,8.310620307922363
1746722708998321408,-9.875159594230354e-05,8.01485824584961
1746722709098150656,-0.00018799501413013786,8.285008430480957
1746722709198279936,0.00018349562014918774,7.651723384857178
1746722709298147328,0.0001665436866460368,8.251442909240723
1746722709398168320,-5.131895704835188e-06,8.461491584777832
1746722709498227456,-0.00036613535485230386,7.747684955596924
1746722709598158848,1.0923480658675544e-05,8.351902961730957
1746722709698130688,7.16735448804684e-05,8.147080421447754
1746722709798141952,-4.722453468275489e-06,7.971753120422363
1746722709898124544,0.00033650401746854186,8.073469161987305
1746722709998259456,-0.00012118914310121909,7.587133407592773
1746722710098284032,0.00015411256754305214,8.419201850891113
1746722710198202624,-0.0002629212394822389,8.234073638916016
1746722710298189056,2.692723137442954e-05,8.021041870117188
1746722710398193152,1.9760071154450998e-05,8.13566780090332
1746722710498219264,-8.919413085095584e-05,7.968516826629639
1746722710598241792,-0.00015577203885186464,7.925025463104248
1746722710698360832,6.969605601625517e-05,8.041130065917969
1746722710798211840,-5.784434324596077e-05,8.584537506103516
1746722710898124288,-9.965998469851911e-05,7.866056442260742
1746722710998270720,0.00030370699823834,8.035531044006348
1746722711098120960,-0.00011866474960697815,8.153142929077148
1746722711198443776,-1.3937247786088847e-05,8.070392608642578
1746722711298282496,-7.828786328900605e-05,8.013570785522461
1746722711398232064,0.00015503756003454328,8.219526290893555
1746722711498214400,-8.348515984835103e-05,8.099209785461426
1746722711598203392,-9.618856711313128e-05,8.109621047973633
1746722711698247936,-9.710547601571307e-05,7.663749694824219
1746722711798177280,0.0003675018670037389,8.159770965576172
1746722711898286592,-0.00013568905706051737,8.17142391204834
1746722711998169088,0.0017120973207056522,8.187487602233887
1746722712098133248,0.001090831239707768,8.125536918640137
1746722712198208512,0.0008338553016074002,8.084864616394043
1746722712298263296,0.0003730469034053385,7.827255725860596
1746722712398249728,0.00018691686273086816,8.459880828857422
1746722712498135808,0.0003884514153469354,7.5925469398498535
1746722712598185216,0.00425737164914608,8.222029685974121
1746722712698179840,0.008111870847642422,8.07555103302002
1746722712798134784,0.0038363358471542597,7.715787410736084
1746722712898253824,0.002111922251060605,8.2293062210083
1746722712998160640,0.0013079189229756594,8.47311782836914
1746722713098230528,0.0008578019333072007,8.119207382202148
1746722713198111744,0.0009784759022295475,8.126548767089844
1746722713298141440,0.0033579878509044647,8.179631233215332
1746722713398180608,0.0014761702623218298,7.753637790679932
1746722713498181888,0.0009968236554414034,8.334863662719727
1746722713598208512,0.0006552889244630933,7.550730228424072
1746722713698171392,0.0005258879973553121,8.193881034851074
1746722713798217472,-0.0004693135851994157,8.339652061462402
1746722713898163712,-0.0064779664389789104,7.89955997467041
1746722713998308608,-0.003482712898403406,8.021611213684082
1746722714098211328,-0.001957124099135399,8.398767471313477
1746722714198207488,-0.0012404059525579214,8.078341484069824
1746722714298268928,-0.0007785283960402012,7.740807056427002
1746722714398189568,-0.0008107359171845019,8.128451347351074
1746722714498159872,-0.005105461459606886,8.565000534057617
1746722714598188032,-0.0032543474808335304,7.633960247039795
1746722714698185728,-0.0014884696574881673,8.128329277038574
1746722714798190080,-0.000885346787981689,8.21163558959961
1746722714898211328,-0.0004669974441640079,8.329977035522461
1746722714998190592,-0.000721735181286931,7.839702606201172
1746722715098250496,-0.0023793336004018784,8.02879810333252
1746722715198121472,-0.001135416328907013,8.272150039672852
1746722715298185216,-0.0005879528471268713,8.189059257507324
1746722715398192128,-0.00015462940791621804,7.969696521759033
1746722715498149376,3.309880048618652e-05,8.193075180053711
1746722715598250752,-0.00017490053141955286,8.033288955688477
1746722715698211840,-0.0012344274437054992,7.660948276519775
1746722715798118656,-0.0004747712519019842,8.44135570526123
1746722715898148352,-0.0003648462879937142,8.169678688049316
1746722715998161664,4.053865632158704e-05,7.622762203216553
1746722716098202880,-0.0003230273141525686,8.518562316894531
1746722716198212608,7.747729250695556e-05,7.95015287399292
1746722716298182912,-2.375691110501066e-05,8.039501190185547
1746722716398232064,-0.0001421191409463063,8.296628952026367
1746722716498103296,-0.0003030318475794047,8.117647171020508
1746722716598189824,8.000098023330793e-05,7.807904243469238
1746722716698209280,-0.00033531695953570306,8.183337211608887
1746722716798194432,5.715191946364939e-05,7.81829309463501
1746722716898250752,-0.00016551061708014458,8.118053436279297
1746722716998147072,2.804406358336564e-05,8.46761703491211
1746722717098195200,-0.0004909274866804481,7.583676815032959
1746722717198202112,0.00019022331980522722,8.299278259277344
1746722717298275840,-0.00013389901141636074,8.296541213989258
1746722717398189312,-0.0001365683856420219,7.759624004364014
1746722717498197248,-9.671693987911567e-05,8.066645622253418
1746722717598174464,-4.865982191404328e-05,8.172492027282715
1746722717698144000,7.208323950180784e-05,7.950438976287842
1746722717798170880,0.000297659047646448,8.1524658203125
1746722717898127360,-0.00015160937618929893,8.083569526672363
1746722717998169600,4.600220199790783e-05,8.030763626098633
1746722718098260480,-6.464772923209239e-06,8.056779861450195
1746722718198173184,-0.00021877292601857334,8.357800483703613
1746722718298131456,9.265044354833663e-05,8.03962230682373
1746722718398161152,-1.595879984961357e-05,7.819910049438477
1746722718498498304,-6.96321512805298e-05,8.09921932220459
1746722718598124544,7.480353087885305e-05,7.8231048583984375
1746722718698190848,5.2127434173598886e-05,8.644904136657715
1746722718798330368,6.356042831612285e-06,7.621597766876221
1746722718898124032,-0.00010408684465801343,8.186762809753418
1746722718998298880,-5.609534491668455e-05,8.317831039428711
1746722719098205440,0.00021893420489504933,8.056615829467773
1746722719198216704,-0.0002555108512751758,8.266685485839844
1746722719298178560,0.0002377229102421552,7.6010823249816895
1746722719398438400,-0.00011177674605278298,8.283205032348633
1746722719498221568,-2.688369386305567e-05,7.779972076416016
1746722719598190848,0.00021828665921930224,8.33331298828125
1746722719698277120,-0.000142869190312922,8.109207153320312
1746722719798177536,-5.55802762391977e-05,8.34127140045166
1746722719898180608,-0.0004389563691802323,7.696127891540527
1746722719998197760,-0.04581025242805481,7.790133476257324
1746722720098238208,-0.0383218377828598,8.486536026000977
1746722720198148352,-0.020144186913967133,8.340665817260742
1746722720299066112,-0.012031595222651958,8.114374160766602
1746722720398139392,-0.00628654845058918,7.873834609985352
1746722720498150912,-0.0036449870094656944,7.919209003448486
1746722720598141440,-0.0436616949737072,8.399310111999512
1746722720698157568,-0.06577212363481522,7.7709431648254395
1746722720798168832,-0.030459843575954437,8.439123153686523
1746722720898216960,-0.03333494812250137,7.765741348266602
1746722720998209280,-0.08722037822008133,8.22693157196045
1746722721098246400,-0.05597748979926109,7.983839511871338
1746722721198116608,-0.03287447243928909,7.955404281616211
1746722721298126080,-0.057415444403886795,8.406861305236816
1746722721398204672,-0.09529046714305878,7.833282947540283
1746722721498188800,-0.05058237910270691,7.931751728057861
1746722721598146560,-0.04117633402347565,8.5072603225708
1746722721698181120,-0.10603255033493042,7.900476455688477
1746722721798280192,-0.06451252102851868,8.05888843536377
1746722721899032064,-0.03920288383960724,8.169244766235352
1746722721998181120,-0.05457262322306633,7.792446136474609
1746722722098198528,-0.10228303074836731,8.040216445922852
1746722722198162432,-0.05706965923309326,8.607028007507324
1746722722298151168,-0.04152672737836838,8.110002517700195
1746722722398130688,-0.10313946008682251,7.961649417877197
1746722722498161408,-0.0769156664609909,7.974143028259277
1746722722598170112,-0.04546741023659706,7.747469425201416
1746722722699089920,-0.06592073291540146,8.53438663482666
1746722722798185472,-0.10838664323091507,7.684119701385498
1746722722898285056,-0.05308057740330696,8.221217155456543
1746722722998175232,-0.040684156119823456,7.9202470779418945
1746722723098143232,-0.10066312551498413,8.484593391418457
1746722723198224896,-0.07570291310548782,7.736788749694824
1746722723298227712,-0.04116833582520485,8.226371765136719
1746722723398231552,-0.05568152293562889,8.00066089630127
1746722723498257920,-0.10519932210445404,8.103004455566406
1746722723598120960,-0.059157565236091614,8.183453559875488
1746722723698268160,-0.0436699204146862,7.6308183670043945
1746722723798370304,-0.10046379268169403,8.529563903808594
1746722723898405120,-0.07817475497722626,7.784219741821289
1746722723998289408,-0.04242559149861336,8.25209903717041
1746722724098244864,-0.07131526619195938,8.073695182800293
1746722724198212608,-0.09926969558000565,8.167863845825195
1746722724298233600,-0.05947615206241608,7.3597307205200195
1746722724398173184,-0.039810825139284134,8.872567176818848
1746722724498220800,-0.0999852791428566,8.052133560180664
1746722724598238464,-0.06543878465890884,8.019532203674316
1746722724698188800,-0.04223328456282616,7.827932357788086
1746722724798183424,-0.060675717890262604,8.10706615447998
1746722724898144256,-0.09319215267896652,8.192740440368652
1746722724998136832,-0.041862159967422485,8.048789978027344
1746722725098227456,-0.03064480423927307,8.285782814025879
1746722725198127360,-0.08510901033878326,7.979896545410156
1746722725298209792,-0.0664878860116005,7.927428245544434
1746722725398168576,-0.03842085227370262,8.032234191894531
1746722725498197760,-0.050238560885190964,8.121216773986816
1746722725598252032,-0.08372166007757187,8.186980247497559
1746722725698141184,-0.0478820763528347,8.187925338745117
1746722725798138624,-0.035646699368953705,8.243416786193848
1746722725898118656,-0.09017432481050491,7.9964141845703125
1746722725998172416,-0.05504242703318596,7.876348972320557
1746722726098183936,-0.03237714618444443,8.178711891174316
1746722726198142464,-0.07226129621267319,8.207785606384277
1746722726298146560,-0.06796463578939438,7.793521881103516
1746722726398214656,-0.0370420441031456,7.877547264099121
1746722726498152192,-0.03235418349504471,8.263250350952148
1746722726599075584,-0.08348321914672852,7.665762901306152
1746722726698116608,-0.05301182344555855,8.744613647460938
1746722726798130432,-0.032372742891311646,7.763484954833984
1746722726898234624,-0.07478266954421997,7.59630012512207
1746722726998179840,-0.062378063797950745,8.8825101852417
1746722727098196736,-0.036133915185928345,7.935239315032959
1746722727198119936,-0.047653231769800186,8.074630737304688
1746722727298209024,-0.07954662293195724,7.816403388977051
1746722727398206464,-0.04495183005928993,8.057121276855469
1746722727498123264,-0.028854764997959137,8.4085693359375
1746722727598243840,-0.08042461425065994,8.188029289245605
1746722727698147584,-0.058696940541267395,8.035929679870605
1746722727798132736,-0.031035713851451874,7.859099388122559
1746722727898200064,-0.04990655556321144,8.376067161560059
1746722727998305792,-0.07795348763465881,7.838320732116699
1746722728098202624,-0.0410410612821579,8.302176475524902
1746722728198221056,-0.04987390339374542,7.809490203857422
1746722728298184448,-0.0807923972606659,7.947968006134033
1746722728398203904,-0.04406775161623955,8.376853942871094
1746722728498192896,-0.02831106446683407,8.144617080688477
1746722728598205184,-0.06536656618118286,7.928317546844482
1746722728698181120,-0.06835751980543137,7.981378555297852
1746722728798196992,-0.036935996264219284,8.012057304382324
1746722728898105088,-0.04451436549425125,8.48823356628418
1746722728998195968,-0.10486642271280289,7.598809242248535
1746722729098150144,-0.05300775542855263,8.39648723602295
1746722729198209536,-0.03386157006025314,7.797979831695557
1746722729298220800,-0.019734490662813187,8.065055847167969
1746722729398255616,-0.011039366014301777,8.273194313049316
1746722729498243072,-0.010054361075162888,7.950470447540283
1746722729598191872,-0.03132960572838783,8.382505416870117
1746722729698212352,-0.03388310968875885,7.820423126220703
1746722729798190080,-0.01596013642847538,8.329485893249512
1746722729898173696,-0.010626338422298431,8.055160522460938
1746722729998177024,-0.005772269330918789,7.818107604980469
1746722730098228224,-0.003927735611796379,8.151235580444336
1746722730198221824,-0.009825608693063259,8.353621482849121
1746722730298135552,-0.016264718025922775,7.647815227508545
1746722730398283776,-0.007728444412350655,8.335904121398926
1746722730498239488,-0.004912131931632757,7.889225482940674
1746722730598217472,-0.0029844020027667284,8.346049308776855
1746722730698176768,-0.0017017701175063848,7.684357166290283
1746722730798192128,-0.0032146554440259933,8.399151802062988
1746722730898343424,-0.007032930385321379,7.9474778175354
1746722730998143744,-0.0037676270585507154,8.07975959777832
1746722731098528768,-0.0014392331941053271,7.912867069244385
1746722731198283520,-0.0016763893654569983,8.393157958984375
1746722731298220544,-0.0006211548461578786,7.171237468719482
1746722731398259456,-0.0006575222942046821,9.098711967468262
1746722731498831872,-0.002894711447879672,7.933572769165039
1746722731598367232,-0.0014856879133731127,7.924933910369873
1746722731698232832,-0.0012174469884485006,8.284809112548828
1746722731798235392,-0.00042010683682747185,8.067696571350098
1746722731898306560,-0.0005965871387161314,7.3947272300720215
1746722731998294528,0.0002134956157533452,8.477099418640137
1746722732098185216,-0.0009465533075854182,8.4652681350708
1746722732198150400,-0.0006286045536398888,8.0369291305542
1746722732298173952,-0.0007257197867147624,7.753598213195801
1746722732398406912,0.00037474933196790516,8.327333450317383
1746722732498169088,-0.00046108930837363005,7.624086380004883
1746722732598113280,-0.0002553804370108992,8.0960054397583
1746722732698164736,-0.0009328360902145505,7.434266567230225
1746722732798284544,9.658942144596949e-05,6.886152744293213
1746722732898118912,-0.00035844912054017186,7.982929706573486
1746722732998126080,0.0008913307101465762,7.386532783508301
1746722733098233344,-0.0007629552274011075,6.917869567871094
1746722733198169344,-0.0001334378612227738,7.220281600952148
1746722733298145792,-9.194080485031009e-05,7.230118274688721
1746722733398137600,0.00017499621026217937,6.673614025115967
1746722733498191104,-0.0008084530127234757,6.6289567947387695
1746722733598118144,0.0002457694208715111,6.865496635437012
1746722733698278144,-0.001974353101104498,6.490601062774658
1746722733798222336,0.0010449979454278946,6.676973342895508
1746722733898145792,0.0017457919893786311,6.432348251342773
1746722733998165760,-0.0008955825469456613,6.4584269523620605
1746722734098144000,-0.0006502277683466673,5.907249450683594
1746722734198173952,-0.0004822940973099321,6.3598198890686035
1746722734298142208,0.0032149506732821465,6.17328405380249
1746722734398176000,-0.0013848623493686318,5.858004570007324
1746722734498132224,-0.002564717084169388,6.140742778778076
1746722734598181120,-0.000453784188721329,5.585797309875488
1746722734698211328,-0.0009052561945281923,5.932790279388428
1746722734798179328,-0.0020878338254988194,5.804292678833008
1746722734898151680,-0.0004548374272417277,5.53717565536499
1746722734998273536,0.0013739216374233365,5.213577747344971
1746722735098182912,0.0013796215644106269,5.455267429351807
1746722735198139904,0.0009974736021831632,5.583397388458252
1746722735298329600,0.0008476402726955712,5.146780490875244
1746722735398147840,4.256681859260425e-05,5.297183990478516
1746722735498173952,0.0007114685722626746,5.065512657165527
1746722735598132736,0.00035126114380545914,5.034663200378418
1746722735698182400,0.0004319360014051199,5.203989028930664
1746722735798218752,-0.00013799217413179576,4.969204902648926
1746722735898127872,-0.00015858214464969933,4.817498683929443
1746722735998158592,0.0005805762484669685,4.896258354187012
1746722736098159360,-0.0003569481777958572,4.885570049285889
1746722736198158336,-0.0001084660179913044,4.577935695648193
1746722736298161920,-0.00010495280002942309,4.522350311279297
1746722736398154752,0.000574050412978977,4.712904930114746
1746722736498202112,-0.0005746225942857563,4.506716728210449
1746722736598242560,-0.0001131270473706536,4.363230228424072
1746722736698220032,-6.3363995650433935e-06,4.344419002532959
1746722736798135040,0.000316262332489714,4.120421409606934
1746722736898119424,-0.00011058956442866474,4.59166145324707
1746722736998104064,0.00011785513197537512,4.216866493225098
1746722737098191104,-0.0004400228790473193,4.387082576751709
1746722737198171648,0.0003255345218349248,4.886052131652832
1746722737298164992,-0.00027515782858245075,5.176126956939697
1746722737398105344,0.0001533814356662333,6.105703830718994
1746722737498286592,5.255285577732138e-05,6.103213310241699
1746722737598119168,-0.00011807926784968004,6.770782947540283
1746722737698148096,0.0001178817474283278,6.851411819458008
1746722737798191360,-2.6771032935357653e-05,7.91786527633667
1746722737898237696,-7.947154517751187e-05,8.66546630859375
1746722737998257664,0.00016573877655901015,8.190359115600586
1746722738098198528,-7.349692896241322e-05,8.277194023132324
1746722738198237696,-1.2517324648797512e-05,8.284414291381836
1746722738298142208,-6.720800683979178e-06,7.667108535766602
1746722738398168576,2.5824720069067553e-05,8.069201469421387
1746722738498126336,-7.251043280120939e-05,7.843125820159912
1746722738598150144,3.350957194925286e-05,8.5562162399292
1746722738698100480,5.938155300100334e-05,7.990267753601074
1746722738798258176,1.019522278511431e-05,7.94843053817749
1746722738898312448,-9.698318172013387e-05,7.632434368133545
1746722738998287360,6.789858889533207e-05,8.246211051940918
1746722739098240000,-7.768138311803341e-05,8.219244003295898
1746722739199089920,4.539493238553405e-05,8.41516399383545
1746722739298129664,-2.883748857129831e-05,8.143399238586426
1746722739398163200,1.919084388646297e-05,8.111411094665527
1746722739499236608,0.00010120782826561481,6.963909149169922
1746722739598119424,-6.077672878745943e-05,9.036575317382812
1746722739698453248,7.606628514622571e-06,8.055720329284668
1746722739798176512,-1.526515552541241e-05,8.243121147155762
1746722739898198272,-1.4246003956941422e-05,7.969011306762695
1746722739998216704,1.3754056453763042e-05,7.777181148529053
1746722740098209024,-3.191963696735911e-05,8.198880195617676
1746722740198181376,4.972931128577329e-05,8.139640808105469
1746722740298220032,-7.572836329927668e-05,8.315132141113281
1746722740398244608,0.0001190862967632711,7.682803153991699
1746722740498288128,-0.00012047163909301162,7.8509440422058105
1746722740598126080,9.098396549234167e-05,8.235448837280273
1746722740698108672,-6.755232607247308e-05,8.346567153930664
1746722740798118144,-0.0001541642559459433,8.309499740600586
1746722740898289664,-0.0006291294703260064,7.707743167877197
1746722740998103040,-2.659617348399479e-05,8.340041160583496
1746722741098131200,9.497742576058954e-05,7.970585346221924
1746722741198201088,4.7269575588870794e-05,7.827033519744873
1746722741298170112,-1.3722225958190393e-05,8.26052474975586
1746722741398151680,-3.871394073939882e-05,8.28463363647461
1746722741498183936,-4.639931830752175e-06,7.917463302612305
1746722741598294272,5.6432661949656904e-05,7.9383344650268555
1746722741698159360,-0.00010813833796419203,8.395751953125
1746722741798167296,9.847019100561738e-05,7.838245868682861
1746722741898234880,9.395594679517671e-05,7.882842063903809
1746722741998122496,-5.767372567788698e-05,8.303364753723145
1746722742098140416,-4.9528112867847085e-05,7.876810073852539
1746722742198152192,6.560843030456454e-05,8.320440292358398
1746722742298244608,-8.97480349522084e-05,7.82042121887207
1746722742398172416,-2.9639812055393122e-05,8.402865409851074
1746722742498168832,-8.719850484339986e-06,8.057766914367676
1746722742598201088,4.09027052228339e-05,8.097990989685059
1746722742698302720,-1.3990520528750494e-05,7.846459865570068
1746722742798132480,9.47205480770208e-05,8.16618824005127
1746722742898272256,-4.1414921724935994e-05,8.587600708007812
1746722742998119936,-2.9904043913120404e-05,7.504995346069336
1746722743098118656,-0.00044951922609470785,8.280003547668457
1746722743198145280,-0.002685957821086049,8.216269493103027
1746722743298227968,-0.0016560330986976624,8.18017864227295
1746722743398223872,-0.0005410466692410409,7.937347412109375
1746722743498243584,-7.254476076923311e-05,7.996044635772705
1746722743598132992,-0.0007559942896477878,7.878378391265869
1746722743698138880,-0.0016709067858755589,8.443926811218262
1746722743798232832,-0.004356913734227419,7.704174995422363
1746722743899189760,-0.00197015143930912,8.484893798828125
1746722743998187520,-0.0012380406260490417,8.05095386505127
1746722744098536192,-0.0006542479968629777,7.7510905265808105
1746722744198526720,-0.00030492065707221627,8.28616714477539
1746722744298217216,0.0004570642486214638,8.041624069213867
1746722744398211584,0.005461149848997593,8.246665000915527
1746722744498125312,0.0030102136079221964,8.276531219482422
1746722744598158848,0.0017065334832295775,7.706238746643066
1746722744698298112,0.00121024576947093,7.898825645446777
1746722744798305024,0.0004388623929116875,8.156842231750488
1746722744898266368,-0.001808703993447125,8.1751708984375
1746722744998227712,-0.05415980890393257,7.965915679931641
1746722745098149632,-0.037221942096948624,8.060218811035156
1746722745198285824,-0.020869575440883636,8.4452543258667
1746722745298215424,-0.012904800474643707,8.035962104797363
1746722745398202624,-0.05634919926524162,7.842983245849609
1746722745498230528,-0.05007249116897583,8.309062004089355
1746722745598161152,-0.02924743853509426,7.701676845550537
1746722745698202880,-0.02852504514157772,7.732124328613281
1746722745798136064,-0.07974497973918915,8.424931526184082
1746722745898238208,-0.049764037132263184,8.183631896972656
1746722745998173440,-0.03091421350836754,8.024534225463867
1746722746098117888,-0.07991234213113785,8.109273910522461
1746722746198403584,-0.06780539453029633,7.9173078536987305
1746722746298167552,-0.03683582320809364,8.18632984161377
1746722746398183680,-0.03476666659116745,8.254234313964844
1746722746498233600,-0.09573960304260254,7.938020706176758
1746722746598319360,-0.05715072154998779,8.28189754486084
1746722746698316544,-0.03842886909842491,7.388618469238281
1746722746798176768,-0.08744343370199203,8.564021110534668
1746722746898310400,-0.07427619397640228,8.065849304199219
1746722746998299648,-0.03915882855653763,8.240813255310059
1746722747098261760,-0.03714499995112419,7.753580093383789
1746722747198490880,-0.09829466044902802,8.335247039794922
1746722747298155008,-0.06087977811694145,8.020956993103027
1746722747398562816,-0.03535652905702591,7.913381099700928
1746722747498156288,-0.07008007913827896,8.401144027709961
1746722747598749184,-0.0878501906991005,8.160663604736328
1746722747698242304,-0.04992898553609848,7.67063045501709
1746722747798243072,-0.040498338639736176,8.518507957458496
1746722747898428928,-0.10252409428358078,8.10462474822998
1746722747998806528,-0.062303751707077026,8.002604484558105
1746722748098159104,-0.03873710706830025,7.892117500305176
1746722748198173952,-0.08805713802576065,8.184160232543945
1746722748298178560,-0.08060514181852341,7.772007465362549
1746722748398244864,-0.04038620367646217,8.503762245178223
1746722748498253056,-0.06513485312461853,8.068228721618652
1746722748598194944,-0.09825877845287323,7.808943748474121
1746722748698227968,-0.048670291900634766,8.247897148132324
1746722748798192896,-0.03724993020296097,8.263257026672363
1746722748898264832,-0.09422609210014343,8.076285362243652
1746722748998150912,-0.06883850693702698,7.883985996246338
1746722749098144000,-0.039160098880529404,8.366497039794922
1746722749198173952,-0.052876412868499756,8.047078132629395
1746722749298180864,-0.09708995372056961,7.987154960632324
1746722749398283008,-0.0564783476293087,7.5611653327941895
1746722749498206208,-0.03552442416548729,8.34063720703125
1746722749598158080,-0.09648655354976654,8.048129081726074
1746722749698310144,-0.07246200740337372,7.9622368812561035
1746722749798293760,-0.04160774499177933,8.214457511901855
1746722749898279680,-0.0473407544195652,8.008221626281738
1746722749998148352,-0.10186850279569626,7.939383029937744
1746722750098182400,-0.055598631501197815,8.59386157989502
1746722750198271232,-0.0420001819729805,7.641848087310791
1746722750298202624,-0.0919962078332901,8.633038520812988
1746722750398199808,-0.07709888368844986,7.418113708496094
1746722750498240768,-0.04127374663949013,8.463712692260742
1746722750598167552,-0.05862972512841225,8.174504280090332
1746722750698200576,-0.09199076890945435,8.272534370422363
1746722750798174976,-0.053523529320955276,7.787219524383545
1746722750898327296,-0.03503181040287018,8.295238494873047
1746722750998227456,-0.0962471067905426,7.936487197875977
1746722751098184960,-0.07008082419633865,7.974165439605713
1746722751198194688,-0.04133184254169464,8.134761810302734
1746722751298179584,-0.05513313412666321,7.827971458435059
1746722751398510592,-0.09539445489645004,8.25873851776123
1746722751498226176,-0.05678487941622734,7.923086643218994
1746722751598138368,-0.04444992169737816,8.32014274597168
1746722751698156288,-0.10557945817708969,7.63685417175293
1746722751798163968,-0.06194080039858818,8.221447944641113
1746722751898321408,-0.037475258111953735,8.451148986816406
1746722751998169856,-0.07201637327671051,7.579444885253906
1746722752098163200,-0.08506771922111511,8.562572479248047
1746722752198199808,-0.05193769559264183,7.912346363067627
1746722752298461440,-0.030488671734929085,7.920163631439209
1746722752398287104,-0.08173628151416779,8.069128036499023
1746722752498441728,-0.08084521442651749,8.084184646606445
1746722752598208256,-0.04554331675171852,8.091212272644043
1746722752698153472,-0.06069405749440193,8.279240608215332
1746722752798138880,-0.09582247585058212,8.25016975402832
1746722752898187776,-0.05578145384788513,7.7507452964782715
1746722752998310912,-0.043937262147665024,8.127678871154785
1746722753098165504,-0.13796499371528625,8.374225616455078
1746722753198175232,-0.09844423085451126,7.842672824859619
1746722753298219008,-0.053719714283943176,7.951286792755127
1746722753398334976,-0.03301648050546646,8.043221473693848
1746722753498366720,-0.02032412402331829,8.150718688964844
1746722753598176256,-0.01380277518182993,7.996151447296143
1746722753698433792,-0.01202412974089384,8.28033447265625
1746722753798112768,-0.0709957629442215,7.746837139129639
1746722753898229504,-0.04598332196474075,8.355969429016113
1746722753998298112,-0.027687929570674896,7.837882041931152
1746722754098181632,-0.01622457429766655,8.493154525756836
1746722754198170880,-0.0103600500151515,8.0875825881958
1746722754298159616,-0.005896969698369503,8.113405227661133
1746722754398195712,-0.0284439530223608,7.664018630981445
1746722754498141696,-0.0228678360581398,8.29908561706543
1746722754599347456,-0.012297266162931919,8.004255294799805
1746722754698256384,-0.0069086626172065735,8.282637596130371
1746722754798226688,-0.00454116053879261,7.870377540588379
1746722754898202112,-0.0029443614184856415,7.953344821929932
1746722754998236928,-0.007134757470339537,8.233952522277832
1746722755098191616,-0.01169680804014206,8.382262229919434
1746722755198420736,-0.005771149881184101,7.877483367919922
1746722755298184192,-0.0034356454852968454,7.963275909423828
1746722755398183680,-0.002035544952377677,8.328713417053223
1746722755498142976,-0.001398687600158155,7.812212944030762
1746722755598225408,-0.0020837453193962574,8.413928031921387
1746722755698230016,-0.005297585390508175,7.870547771453857
1746722755798263552,-0.002549926284700632,7.973396301269531
1746722755898238720,-0.001583038829267025,7.748457908630371
1746722755998109952,-0.0007715702522546053,8.400622367858887
1746722756098103552,-0.0004181046097073704,8.215105056762695
1746722756198240768,-0.00040994619484990835,8.026034355163574
1746722756298169856,-0.0024207739625126123,7.846566677093506
1746722756398213120,-0.0013581920647993684,8.239157676696777
1746722756498170624,-0.0007439619512297213,8.108691215515137
1746722756598090496,-0.0005119516281411052,8.16777229309082
1746722756698171648,-2.0762836356880143e-05,8.106612205505371
1746722756798117888,2.0484467313508503e-06,7.852427005767822
1746722756898183424,-0.000875138386618346,8.272172927856445
1746722756998654720,-0.0005384350661188364,7.876148700714111
1746722757098140672,-9.159530600300059e-05,8.287811279296875
1746722757198313472,-0.0001721216831356287,7.527698040008545
1746722757298168320,0.0001515769399702549,8.323441505432129
1746722757398340096,-0.0004406134248711169,8.400522232055664
1746722757498211840,0.0001775843556970358,8.019155502319336
1746722757598211328,-0.00031127079273574054,7.918860912322998
1746722757698175488,-0.0002997365372721106,8.118412971496582
1746722757798337536,-0.00040753561188466847,8.044883728027344
1746722757898153472,-0.0001650502672418952,8.363447189331055
1746722757998168832,-7.000198820605874e-05,7.753475189208984
1746722758098111488,7.400064350804314e-05,8.450697898864746
1746722758198148864,-3.008821522598737e-06,8.101853370666504
1746722758298182144,1.3030930858803913e-06,7.801797866821289
1746722758398136832,-0.00022629849263466895,7.956302165985107
1746722758498463232,-0.00026097692898474634,8.174088478088379
1746722758598199296,-0.0003636383917182684,8.461653709411621
1746722758698198016,-0.00010093093442264944,7.981328010559082
1746722758798131456,0.00013323443999979645,7.791732311248779
1746722758898253312,-1.2374643119983375e-05,8.349364280700684
1746722758998515712,-0.00019788196368608624,8.04381275177002
1746722759098249728,-1.8244742022943683e-05,7.732509136199951
1746722759198273792,6.723155092913657e-05,8.587876319885254
1746722759298134784,4.943022213410586e-05,7.933322906494141
1746722759398292224,-6.047836723155342e-05,8.227399826049805
1746722759498242304,-3.63187791663222e-05,7.809304237365723
1746722759598145024,0.0001350737438770011,7.936787128448486
1746722759698220032,-4.827152952202596e-05,8.301193237304688
1746722759798197504,7.259971425810363e-06,7.745217323303223
1746722759898165248,0.00027057723491452634,8.038942337036133
1746722759998209536,0.00037782330764457583,8.074983596801758
1746722760098093056,-0.0001442797074560076,8.403550148010254
1746722760198338816,-5.484879693540279e-06,8.134984970092773
1746722760298156032,-4.216334127704613e-05,7.924302577972412
1746722760398214144,-0.00021061193547211587,7.904088020324707
1746722760498180864,7.567921420559287e-05,8.51304817199707
1746722760598163968,0.005276086740195751,7.792954921722412
1746722760698205184,0.005086653865873814,8.267973899841309
1746722760798119168,0.002726214937865734,8.126160621643066
1746722760898145024,0.0014710769755765796,7.755640029907227
1746722760998260992,0.0008896802319213748,8.385568618774414
1746722761098174976,0.0007009987020865083,8.215789794921875
1746722761198304000,0.0029178238473832607,7.790288925170898
1746722761298203648,0.00989168044179678,7.90912389755249
1746722761398187776,0.004789321683347225,8.54175090789795
1746722761498440704,0.002978285774588585,7.4867095947265625
1746722761598226944,0.0017072913469746709,8.340816497802734
1746722761698404352,0.000986986211501062,7.844181537628174
1746722761798194944,0.0007108973222784698,8.320409774780273
1746722761898298624,0.00012918931315653026,8.244828224182129
1746722761998204928,5.518946272786707e-05,7.882940769195557
1746722762098173696,6.653170567005873e-05,8.00523853302002
1746722762198812416,0.00023824433446861804,8.145535469055176
1746722762298176000,-0.00013073725858703256,7.343986988067627
1746722762398110208,5.727986717829481e-05,8.152660369873047
1746722762498158848,-1.7415375623386353e-05,7.215780258178711
1746722762598226944,-0.00010495509923202917,7.43583345413208
1746722762698297600,-0.00018332090985495597,7.602871417999268
1746722762798208768,8.380276267416775e-05,6.924570083618164
1746722762898225920,-3.27490342897363e-05,7.464936256408691
1746722762998302976,-0.0001294558314839378,6.881896495819092
1746722763098244608,6.321665568975732e-05,6.705408096313477
1746722763198215936,-7.153684236982372e-06,6.951488018035889
1746722763298186496,-3.0499073545797728e-05,7.118827819824219
1746722763398297088,7.145990821300074e-05,6.47859525680542
1746722763498203392,-6.572169513674453e-05,6.557369709014893
1746722763598147328,-7.28768645785749e-05,6.706695079803467
1746722763698224128,0.00010306812328053638,6.183469772338867
1746722763798171392,-1.4036960237717722e-05,6.447494029998779
1746722763898256128,-4.3281401303829625e-05,6.027646541595459
1746722763998273024,-0.0009779753163456917,5.849931240081787
1746722764098149120,-7.87656317697838e-05,6.134520530700684
1746722764198185216,-4.849499964620918e-05,6.116247653961182
1746722764298171904,-0.0002645855420269072,5.751162052154541
1746722764398112768,-3.553011265466921e-05,5.91754674911499
1746722764498392320,-0.0003252532333135605,5.715729236602783
1746722764598133760,-0.00016348346252925694,5.447869300842285
1746722764699268352,5.341374344425276e-05,5.822909832000732
1746722764798193664,-0.0004927957779727876,5.439024925231934
1746722764898205440,6.816942914156243e-05,5.572072982788086
1746722764998198016,-0.00014559154806192964,4.854862689971924
1746722765098259712,0.0002739563933573663,5.188482761383057
1746722765198280192,-0.00036464654840528965,5.432567596435547
1746722765298181120,0.00015949096996337175,5.275879859924316
1746722765398174720,-4.847783657169202e-06,4.9687371253967285
1746722765498216192,-0.0005536785465665162,4.877883434295654
1746722765598205696,0.000365223124390468,4.460823059082031
1746722765698399488,9.226299152942374e-05,3.988285541534424
1746722765798143488,-8.15222938399529e-06,3.7989377975463867
1746722765898224640,0.0004465365782380104,3.084075450897217
1746722765998157568,-0.0004594671190716326,2.7167153358459473
1746722766098137856,0.001589486957527697,2.3167130947113037
1746722766198280448,-0.0031405172776430845,1.4296150207519531
1746722766298232064,0.5,0.03813006728887558
1746722766398129152,0.0,0.0027112236712127924
1746722766498312192,0.0,0.0018657915061339736
1746722766598115072,0.0,0.0012231130385771394
1746722766698308864,0.0,0.00013325623876880854
1746722766798146560,0.0,0.0
1746722766898179584,0.0,0.0
1746722766998607104,0.0,0.0
1746722767098253056,0.0,0.0
1746722767198265600,0.0,0.0
1746722767298134528,0.0,0.0
1746722767398236672,0.0,0.0
1746722767498272768,0.0,0.0
1746722767598131200,0.0,0.0
1746722767698221568,0.0,0.0
1746722767798198016,0.0,0.0
1746722767898163968,0.0,0.0
1746722767998183680,0.0,0.0
1746722768098322176,0.0,0.0
1746722768198154240,0.0,0.0
1746722768298204928,0.0,0.0
1746722768398192128,0.0,0.0
1746722768498331904,0.0,0.0
1746722768598350848,0.0,0.0
1746722768698215424,0.0,0.0
1746722768798353408,0.0,0.0
1746722768898158592,0.0,0.0
1746722768998212352,0.0,0.0
1746722769098159616,0.0,0.0
1746722769198190848,0.0,0.0
1746722769298252544,0.0,0.0
1746722769398188800,0.0,0.0
1746722769498236160,0.0,0.0
1746722769598169600,0.0,0.0
1746722769698219520,0.0,0.0
1746722769798119168,0.0,0.0
1746722769898272000,0.0,0.0
1746722769998190080,0.0,0.0
1746722770098228480,0.0,0.0
1746722770198336000,0.0,0.0
1746722770298189568,0.0,0.0
1746722770398153984,0.0,0.0
1746722770498109440,0.0,0.0
1746722770598136832,0.0,0.0
1746722770698140416,0.0,0.0
1746722770798229760,0.0,0.0
1746722770898190592,0.0,0.0
1746722770998213888,0.0,0.0
1746722771098259712,0.0,0.0
1746722771198222336,0.0,0.0
1746722771298297856,0.0,0.0
1746722771398157568,0.0,0.0
1746722771498290432,0.0,0.0
1746722771598176000,0.0,0.0
1746722771698217216,0.0,0.0
1746722771798163712,0.0,0.0
1746722771898179840,0.0,0.0
1746722771998726912,0.0,0.0
1746722772098179072,0.0,0.0
1746722772198264576,0.0,0.0
1746722772298256896,0.0,0.0
1746722772398158848,0.0,0.0
1746722772498236672,0.0,0.0
1746722772598158592,0.0,0.0
1746722772698216960,0.0,0.0
1746722772798205440,0.0,0.0
1746722772898279424,0.0,0.0
1746722772998214656,0.0,0.0
1746722773098433024,0.0,0.0
1746722773198169344,0.0,0.0
1746722773298194176,0.0,0.0
1746722773398172160,0.0,0.0
1746722773498188800,0.0,0.0
1746722773598135552,0.0,0.0
1746722773698224128,0.0,0.0
1746722773798118912,0.0,0.0
1746722773898330368,0.0,0.0
1746722773998170112,0.0,0.0
1746722774098241536,0.0,0.0
1746722774198148608,0.0,0.0
1746722774298175232,0.0,0.0
1746722774398209792,0.0,0.0
1746722774498206208,0.0,0.0
1746722774598109952,0.0,0.0
1746722774698115584,0.0,0.0
1746722774798272768,0.0,0.0
1746722774898207744,0.0,0.0
1746722774998197760,0.0,0.0
1746722775098215936,0.0,0.0
1746722775198188800,0.0,0.0
1746722775298118912,0.0,0.0
1746722775398202112,0.0,0.0
1746722775498302976,0.0,0.0
1746722775598221056,0.0,0.0
1746722775698209792,0.0,0.0
1746722775798128384,0.0,0.0
1746722775898201088,0.0,0.0
1746722775998202624,0.0,0.0
1746722776099480832,0.0,0.0
1746722776198245120,0.0,0.0
1746722776298131200,0.0,0.0
1746722776398125056,0.0,0.0
1746722776498489856,0.0,0.0
1746722776598391040,0.0,0.0
1746722776698309632,0.0,0.0
1746722776798158848,0.0,0.0
1746722776898132992,0.0,0.0
1746722776998117888,0.0,0.0
1746722777098192896,0.0,0.0
1746722777198325504,0.0,0.0
1746722777298288128,0.0,0.0
1746722777398189312,0.0,0.0
1746722777498117632,0.0,0.0
1746722777598381568,0.0,0.0
1746722777700012288,0.0,0.0
1746722777798176768,0.0,0.0
1746722777898198784,0.0,0.0
1746722777998111232,0.0,0.0
1746722778098126336,0.0,0.0
1746722778198205440,0.0,0.0
1746722778298282240,0.0,0.0
1746722778398195456,0.0,0.0
1746722778498155008,0.0,0.0
1746722778598151936,0.0,0.0
1746722778698192384,0.0,0.0
1746722778798198528,0.0,0.0
1746722778898198016,0.0,0.0
1746722778998175488,0.0,0.0
1746722779098187520,0.0,0.0
1746722779198186240,0.0,0.0
1746722779298280192,0.0,0.0
1746722779398191616,0.0,0.0
1746722779498283776,0.0,0.0
1746722779598166272,0.0,0.0
1746722779698155776,0.0,0.0
1746722779798175488,0.0,0.0
1746722779898118912,0.0,0.0
1746722779998121984,0.0,0.0
1746722780098117376,0.0,0.0
1746722780198208512,0.0,0.0
1746722780298235904,0.0,0.0
1746722780398147328,0.0,0.0
1746722780498208512,0.0,0.0
1746722780598172160,0.0,0.0
1746722780698205440,0.0,0.0
1746722780798254592,0.0,0.0
1746722780898150656,0.0,0.0
1746722780998200576,0.0,0.0
1746722781098185472,0.0,0.0
1746722781198139904,0.0,0.0
1746722781298226176,0.0,0.0
1746722781398262528,0.0,0.0
1746722781498105088,0.0,0.0
1746722781598112256,0.0,0.0
1746722781698123008,0.0,0.0
1746722781798292480,0.0,0.0
1746722781898178048,0.0,0.0
1746722781998660864,0.0,0.0
1746722782098193152,0.0,0.0
1746722782198173696,0.0,0.0
1746722782298147328,0.0,0.0
1746722782398443520,0.0,0.0
1746722782498259968,0.0,0.0
1746722782598159360,0.0,0.0
1746722782698205696,0.0,0.0
1746722782798109184,0.0,0.0
1746722782898233344,0.0,0.0
1746722782998210560,0.0,0.0
1746722783098148864,0.0,0.0
1746722783198197504,0.0,0.0
1746722783298276864,0.0,0.0
1746722783398147840,0.0,0.0
1746722783498132480,0.0,0.0
1746722783598120448,0.0,0.0
1746722783698134016,0.0,0.0
1746722783798170368,0.0,0.0
1746722783898197760,0.0,0.0
1746722783998112256,0.0,0.0
1746722784098158592,0.0,0.0
1746722784198136576,0.0,0.0
1746722784298195712,0.0,0.0
1746722784398196736,0.0,0.0
1746722784498104064,0.0,0.0
1746722784598243072,0.0,0.0
1746722784698145280,0.0,0.0
1746722784798185216,0.0,0.0
1746722784898175744,0.0,0.0
1746722784998132480,0.0,0.0
1746722785098171904,0.0,0.0
1746722785198494208,0.0,0.0
1746722785298125824,0.0,0.0
1746722785398135552,0.0,0.0
1746722785498106624,0.0,0.0
1746722785598109184,0.0,0.0
1746722785698199552,0.0,0.0
1746722785798108160,0.0,0.0
1746722785898100224,0.0,0.0
1746722785998113024,0.0,0.0
1746722786098182656,0.0,0.0
1746722786198196480,0.0,0.0
1746722786298200832,0.0,0.0
1746722786398227712,0.0,0.0
1746722786498129408,0.0,0.0
1746722786598226944,0.0,0.0
1746722786698190592,0.0,0.0
1746722786798115072,0.0,0.0
1746722786898127360,0.0,0.0
1746722786998140672,0.0,0.0
1746722787098230528,0.0,0.0
1746722787198371840,0.0,0.0
1746722787298269696,0.0,0.0
1746722787398186752,0.0,0.0
1746722787498115840,0.0,0.0
1746722787598233856,0.0,0.0
1746722787698114816,0.0,0.0
1746722787798195968,0.0,0.0
1746722787898197760,0.0,0.0
1746722787998146560,0.0,0.0
1746722788098112256,0.0,0.0
1746722788198104320,0.0,0.0
1746722788298234624,0.0,0.0
1746722788398250240,0.0,0.0
1746722788498246144,0.0,0.0
1746722788598131968,0.0,0.0
1746722788698126592,0.0,0.0
1746722788798207744,0.0,0.0
1746722788898205696,0.0,0.0
1746722788998221312,0.0,0.0
1746722789098229248,0.0,0.0
1746722789198173440,0.0,0.0
1746722789298252288,0.0,0.0
1746722789398180096,0.0,0.0
1746722789498223616,0.0,0.0
1746722789598190080,0.0,0.0
1746722789698209536,0.0,0.0
1746722789798208000,0.0,0.0
1746722789898124288,0.0,0.0
1746722789998113280,0.0,0.0
1746722790098118912,0.0,0.0
1746722790198130432,0.0,0.0
1746722790298124288,0.0,0.0
1746722790398110720,0.0,0.0
1746722790498122240,0.0,0.0
1746722790598205184,0.0,0.0
1746722790698195200,0.0,0.0
1746722790798192640,0.0,0.0
1746722790898207232,0.0,0.0
1746722790998226176,0.0,0.0
1746722791098163456,0.0,0.0
1746722791198187520,0.0,0.0
1746722791298138624,0.0,0.0
1746722791398491392,0.0,0.0
1746722791498152960,0.0,0.0
1746722791598153728,0.0,0.0
1746722791698183936,0.0,0.0
1746722791798132992,0.0,0.0
1746722791898164480,0.0,0.0
1746722791998194688,0.0,0.0
1746722792098155264,0.0,0.0
1746722792198154496,0.0,0.0
1746722792298158080,0.0,0.0
1746722792398166528,0.0,0.0
1746722792498178560,0.0,0.0
1746722792598199296,0.0,0.0
1746722792698179072,0.0,0.0
1746722792798205440,0.0,0.0
1746722792898186752,0.0,0.0
1746722792998640384,0.0,0.0
1746722793098112256,0.0,0.0
1746722793198137344,0.0,0.0
1746722793298833408,0.0,0.0
1746722793398349312,0.0,0.0
1746722793498200064,0.0,0.0
1746722793598198784,0.0,0.0
1746722793698263296,0.0,0.0
1746722793798127616,0.0,0.0
1746722793898196480,0.0,0.0
1746722793998193664,0.0,0.0
1746722794098094848,0.0,0.0
1746722794198183424,0.0,0.0
1746722794298179840,0.0,0.0
1746722794398235392,0.0,0.0
1746722794498198016,0.0,0.0
1746722794598115328,0.0,0.0
1746722794698208768,0.0,0.0
1746722794798267136,0.0,0.0
1746722794898109184,0.0,0.0
1746722794998200064,0.0,0.0
1746722795098301440,0.0,0.0
1746722795198169088,0.0,0.0
1746722795298693632,0.0,0.0
1746722795398160384,0.0,0.0
1746722795498150912,0.0,0.0
1746722795598232064,0.0,0.0
1746722795698159104,0.0,0.0
1746722795798295040,0.0,0.0
1746722795898204160,0.0,0.0
1746722795998227968,0.0,0.0
1746722796098155008,0.0,0.0
1746722796198199296,0.0,0.0
1746722796298216448,0.0,0.0
1746722796398230272,0.0,0.0
1746722796498251264,0.0,0.0
1746722796598256640,0.0,0.0
1746722796698129664,0.0,0.0
1746722796798225152,0.0,0.0
1746722796898196224,0.0,0.0
1746722796998158336,0.0,0.0
1746722797098155776,0.0,0.0
1746722797198160640,0.0,0.0
1746722797298203136,0.0,0.0
1746722797398148864,0.0,0.0
1746722797498138880,0.0,0.0
1746722797598149376,0.0,0.0
1746722797698164480,0.0,0.0
1746722797798140416,0.0,0.0
1746722797898139648,0.0,0.0
1746722797998152448,0.0,0.0
1746722798098277888,0.0,0.0
1746722798198256384,0.0,0.0
1746722798298187776,0.0,0.0
1746722798398122240,0.0,0.0
1746722798498296064,0.0,0.0
1746722798598225152,0.0,0.0
1746722798698176000,0.0,0.0
1746722798798135808,0.0,0.0
1746722798898190848,0.0,0.0
1746722798998183680,0.0,0.0
1746722799098144768,0.0,0.0
1746722799198146816,0.0,0.0
1746722799299661824,0.0,0.0
1746722799398194688,0.0,0.0
1746722799498299904,0.0,0.0
1746722799598159616,0.0,0.0
1746722799698182400,0.0,0.0
1746722799798196480,0.0,0.0
1746722799898189312,0.0,0.0
1746722799998195712,0.0,0.0
1746722800098099200,0.0,0.0
1746722800198247424,0.0,0.0
1746722800298214912,0.0,0.0
1746722800398135552,0.0,0.0
1746722800498178816,0.0,0.00038130555185489357
1746722800598219264,0.5,0.1087762713432312
1746722800698176256,0.0009582194034010172,0.5578638315200806
1746722800798188288,0.006779446266591549,0.9778554439544678
1746722800898162688,-0.015446429140865803,1.5772902965545654
1746722800998308096,0.0041863396763801575,2.2887213230133057
1746722801098152960,0.0003861592267639935,2.9253878593444824
1746722801198211072,-0.0001968173892237246,3.2522003650665283
1746722801300036352,-1.098893062589923e-05,4.0719380378723145
1746722801398138624,0.0007571689784526825,4.612259387969971
1746722801498121472,0.0002491090854164213,4.894879341125488
1746722801598287104,-0.00022051084670238197,4.278653144836426
1746722801698170880,5.425621566246264e-05,4.316734790802002
1746722801798500864,-0.00023028076975606382,4.172119617462158
1746722801898148608,0.0007792117539793253,4.0762038230896
