time,speed,steering_angle
0.000000,1.0,0.08639377355575562
0.074983,1.0,0.0628318339586258
0.074983,1.0,0.06675881892442703
0.149981,1.0,0.07853979617357254
0.199995,1.0,0.06675881892442703
0.249983,1.0,0.05890484154224396
0.299995,1.0,0.04319687560200691
0.349991,1.0,0.031415905803442
0.400004,1.0,0.027488913387060165
0.449998,1.0,0.02356192283332348
0.499993,1.0,0.031415905803442
0.549982,1.0,0.015707941725850105
0.599997,1.0,0.015707941725850105
0.649983,1.0,0.015707941725850105
0.649983,1.0,0.02356192283332348
0.699988,1.0,0.02356192283332348
0.750031,1.0,0.02356192283332348
0.750031,1.0,0.015707941725850105
0.799979,1.0,0.015707941725850105
0.849978,1.0,0.019634932279586792
0.849978,1.0,0.019634932279586792
0.949978,1.0,0.011780950240790844
0.999993,1.0,-0.019634975120425224
1.099995,1.0,-0.02356196567416191
1.149992,1.0,-0.04712391272187233
1.149992,1.0,-0.043196920305490494
1.199980,1.0,-0.03534293919801712
1.224993,1.0,-0.027488958090543747
1.249978,1.0,-0.03926992788910866
1.299977,1.0,-0.027488958090543747
1.349977,1.0,-0.02356196567416191
1.374970,1.0,-0.00392701243981719
1.449994,1.0,0.011780950240790844
1.500013,1.0,-2.179294789073083e-08
1.525008,1.0,0.015707941725850105
1.599991,1.0,0.027488913387060165
1.700004,1.0,0.03534289449453354
1.724997,1.0,0.05890484154224396
1.749974,1.0,0.0746128037571907
1.799984,1.0,0.07853979617357254
1.874990,1.0,0.1060287281870842
1.899974,1.0,0.10210173577070236
1.899974,1.0,0.09817475080490112
1.949999,1.0,0.10995572060346603
2.024994,1.0,0.10995572060346603
2.124991,1.0,0.14137165248394012
2.149989,1.0,0.14529862999916077
2.199990,1.0,0.15707960724830627
2.224969,1.0,0.15315261483192444
2.249972,1.0,0.1610065996646881
2.274976,1.0,0.17671456933021545
2.299984,1.0,0.1806415617465973
2.299984,1.0,0.1924225240945816
2.350009,1.0,0.19634951651096344
2.425000,1.0,0.18849553167819977
2.450007,1.0,0.2042035013437271
2.499993,1.0,0.20813049376010895
2.499993,1.0,0.1924225240945816
2.550000,1.0,0.21598447859287262
2.575032,1.0,0.2238384485244751
2.600007,1.0,0.2356194257736206
2.625006,1.0,0.21991145610809326
2.649997,1.0,0.21598447859287262
2.699982,1.0,0.2474004030227661
2.724984,1.0,0.2356194257736206
2.774987,1.0,0.24347341060638428
2.799982,1.0,0.25132739543914795
2.849997,1.0,0.23954641819000244
2.874984,1.0,0.21991145610809326
2.899980,1.0,0.2042035013437271
2.924976,1.0,0.2042035013437271
2.949971,1.0,0.20027650892734528
2.999970,1.0,0.18456853926181793
3.024976,1.0,0.17671456933021545
3.074970,1.0,0.21205748617649078
3.099992,1.0,0.19634951651096344
3.149966,1.0,0.2474004030227661
3.174977,1.0,0.2474004030227661
3.199990,1.0,0.24347341060638428
3.224993,1.0,0.22776544094085693
3.274964,1.0,0.17671456933021545
3.299974,1.0,0.15315261483192444
3.324964,1.0,0.13351766765117645
3.349957,1.0,0.2238384485244751
3.374962,1.0,0.2042035013437271
3.399971,1.0,0.22776544094085693
3.424962,1.0,0.2238384485244751
3.449958,1.0,0.25132739543914795
3.475015,1.0,0.25132739543914795
3.499989,1.0,0.2474004030227661
3.549967,1.0,0.25132739543914795
3.574961,1.0,0.2356194257736206
3.599965,1.0,0.2474004030227661
3.624970,1.0,0.24347341060638428
3.674958,1.0,0.22776544094085693
3.699970,1.0,0.2356194257736206
3.724982,1.0,0.18456853926181793
3.774956,1.0,0.16886058449745178
3.824959,1.0,0.1492256224155426
3.874962,1.0,0.1060287281870842
3.899955,1.0,0.09424775838851929
3.924971,1.0,0.07068581134080887
3.949971,1.0,0.12173669040203094
3.974969,1.0,0.10995572060346603
3.999961,1.0,0.12959067523479462
4.024956,1.0,0.09817475080490112
4.049969,1.0,0.12173669040203094
4.074957,1.0,0.11388271301984787
4.099953,1.0,0.09817475080490112
4.124965,1.0,0.12566368281841278
4.149955,1.0,0.10995572060346603
4.174964,1.0,0.1060287281870842
4.199958,1.0,0.09032076597213745
4.224953,1.0,0.14137165248394012
4.249966,1.0,0.11388271301984787
4.274955,1.0,0.15707960724830627
4.299966,1.0,0.14529862999916077
4.324955,1.0,0.12173669040203094
4.374973,1.0,0.15315261483192444
4.399989,1.0,0.15707960724830627
4.424991,1.0,0.1610065996646881
4.449960,1.0,0.15315261483192444
4.474957,1.0,0.1806415617465973
4.499978,1.0,0.19634951651096344
4.524987,1.0,0.18456853926181793
4.549959,1.0,0.16493359208106995
4.574967,1.0,0.1924225240945816
4.600090,1.0,0.1806415617465973
4.624978,1.0,0.1610065996646881
4.674963,1.0,0.1492256224155426
4.724956,1.0,0.17278757691383362
4.749965,1.0,0.17671456933021545
4.774974,1.0,0.23169243335723877
4.799967,1.0,0.23169243335723877
4.824955,1.0,0.24347341060638428
4.849954,1.0,0.2591813802719116
4.874952,1.0,0.2552543878555298
4.899966,1.0,0.25132739543914795
4.924972,1.0,0.2866702973842621
4.949950,1.0,0.2591813802719116
4.974962,1.0,0.2866702973842621
4.999950,1.0,0.26310837268829346
5.024946,1.0,0.27096232771873474
5.074953,1.0,0.30630525946617126
5.099949,1.0,0.2866702973842621
5.124951,1.0,0.28274330496788025
5.149946,1.0,0.28274330496788025
5.174958,1.0,0.29452428221702576
5.199949,1.0,0.29452428221702576
5.224946,1.0,0.34557515382766724
5.249958,1.0,0.3612831234931946
5.274951,1.0,0.45553091168403625
5.302376,1.0,0.47516587376594543
5.325001,1.0,0.47516587376594543
5.349972,1.0,0.5105087757110596
5.374963,1.0,0.4908738136291504
5.399963,1.0,0.48694682121276855
5.424963,1.0,0.5105087757110596
5.449951,1.0,0.4830198585987091
5.474960,1.0,0.5026547908782959
5.499947,1.0,0.48694682121276855
5.524958,1.0,0.47909286618232727
5.549951,1.0,0.4712388813495636
5.574944,1.0,0.4594579041004181
5.599946,1.0,0.44374993443489075
5.624957,1.0,0.43196895718574524
5.649960,1.0,0.4162609875202179
5.674965,1.0,0.3966260552406311
5.699963,1.0,0.38877207040786743
5.724959,1.0,0.3612831234931946
5.749952,1.0,0.3416481912136078
5.774948,1.0,0.3337942063808441
5.799977,1.0,0.30237826704978943
5.824959,1.0,0.2788163125514984
5.849945,1.0,0.2748893201351166
5.874942,1.0,0.2474004030227661
5.899988,1.0,0.2238384485244751
5.924982,1.0,0.21991145610809326
5.949967,1.0,0.1924225240945816
5.974975,1.0,0.16886058449745178
5.999973,1.0,0.16886058449745178
6.024960,1.0,0.14529862999916077
6.049979,1.0,0.12959067523479462
6.074960,1.0,0.1060287281870842
6.099939,1.0,0.07853979617357254
6.124949,1.0,0.07068581134080887
6.149939,1.0,0.0628318339586258
6.174944,1.0,0.05497784912586212
6.199940,1.0,0.04319687560200691
6.226686,1.0,0.039269886910915375
6.249965,1.0,0.027488913387060165
6.274939,1.0,0.03534289449453354
6.299964,1.0,0.015707941725850105
6.324959,1.0,0.02356192283332348
6.349944,1.0,-0.00392701243981719
6.374943,1.0,-0.011780994012951851
6.399950,1.0,-0.015707984566688538
6.449943,1.0,-0.007854003459215164
6.474955,1.0,-0.00392701243981719
6.499945,1.0,-0.015707984566688538
6.524950,1.0,-0.019634975120425224
6.549983,1.0,0.007853959687054157
6.574940,1.0,0.0039269691333174706
6.599951,1.0,-0.007854003459215164
6.624957,1.0,0.007853959687054157
6.649942,1.0,-2.179294789073083e-08
6.674954,1.0,-0.00392701243981719
6.699948,1.0,0.007853959687054157
6.724949,1.0,0.0039269691333174706
6.749939,1.0,0.011780950240790844
6.774948,1.0,0.02356192283332348
6.799941,1.0,0.031415905803442
6.824936,1.0,0.019634932279586792
6.849952,1.0,0.031415905803442
6.874960,1.0,0.027488913387060165
6.899944,1.0,0.03534289449453354
6.924953,1.0,0.04319687560200691
6.949940,1.0,0.05890484154224396
6.974948,1.0,0.04712386801838875
6.999942,1.0,0.051050856709480286
7.024949,1.0,0.051050856709480286
7.049948,1.0,0.051050856709480286
7.074952,1.0,0.04712386801838875
7.099949,1.0,0.051050856709480286
7.125711,1.0,0.04319687560200691
7.149962,1.0,0.04319687560200691
7.174954,1.0,0.04319687560200691
7.199941,1.0,0.03534289449453354
7.224941,1.0,0.039269886910915375
7.249933,1.0,0.039269886910915375
7.274943,1.0,0.04319687560200691
7.299940,1.0,0.039269886910915375
7.324931,1.0,0.039269886910915375
7.349941,1.0,0.04712386801838875
7.374947,1.0,0.031415905803442
7.399946,1.0,0.02356192283332348
7.424941,1.0,0.019634932279586792
7.449928,1.0,0.02356192283332348
7.474940,1.0,0.011780950240790844
7.499939,1.0,0.015707941725850105
7.524941,1.0,0.015707941725850105
7.549935,1.0,0.0039269691333174706
7.574927,1.0,0.007853959687054157
7.599940,1.0,0.011780950240790844
7.624942,1.0,0.0039269691333174706
7.649943,1.0,-2.179294789073083e-08
7.674946,1.0,-2.179294789073083e-08
7.699932,1.0,-2.179294789073083e-08
7.724927,1.0,-2.179294789073083e-08
7.749938,1.0,-2.179294789073083e-08
7.774926,1.0,0.019634932279586792
7.799945,1.0,0.015707941725850105
7.824947,1.0,0.015707941725850105
7.849935,1.0,0.027488913387060165
7.874947,1.0,0.027488913387060165
7.899942,1.0,0.039269886910915375
7.924939,1.0,0.04712386801838875
7.949926,1.0,0.04712386801838875
7.974936,1.0,0.07068581134080887
7.999943,1.0,0.0746128037571907
8.025701,1.0,0.12959067523479462
8.049985,1.0,0.12566368281841278
8.074966,1.0,0.16493359208106995
8.099962,1.0,0.21991145610809326
8.124946,1.0,0.22776544094085693
8.149940,1.0,0.2238384485244751
8.174945,1.0,0.2552543878555298
8.199940,1.0,0.2474004030227661
8.224943,1.0,0.2552543878555298
8.249937,1.0,0.25132739543914795
8.274961,1.0,0.2474004030227661
8.299969,1.0,0.2356194257736206
8.324951,1.0,0.21991145610809326
8.349959,1.0,0.23169243335723877
8.374966,1.0,0.2238384485244751
8.399967,1.0,0.20813049376010895
8.424964,1.0,0.2042035013437271
8.449955,1.0,0.1924225240945816
8.474956,1.0,0.1806415617465973
8.499966,1.0,0.17278757691383362
8.524963,1.0,0.1806415617465973
8.550002,1.0,0.1610065996646881
8.574964,1.0,0.15707960724830627
8.599942,1.0,0.1492256224155426
8.624954,1.0,0.14529862999916077
8.649955,1.0,0.14529862999916077
8.674958,1.0,0.14137165248394012
8.699956,1.0,0.13351766765117645
8.724955,1.0,0.14137165248394012
8.749957,1.0,0.1374446600675583
8.774956,1.0,0.1374446600675583
8.799950,1.0,0.13351766765117645
8.824951,1.0,0.1178097054362297
8.849954,1.0,0.12173669040203094
8.874952,1.0,0.1178097054362297
8.899950,1.0,0.12173669040203094
8.924952,1.0,0.12959067523479462
8.950016,1.0,0.1178097054362297
8.974964,1.0,0.12173669040203094
8.999957,1.0,0.12566368281841278
9.024947,1.0,0.11388271301984787
9.049945,1.0,0.11388271301984787
9.074934,1.0,0.10210173577070236
9.099932,1.0,0.1178097054362297
9.124937,1.0,0.09817475080490112
9.149935,1.0,0.09424775838851929
9.174930,1.0,0.1060287281870842
9.199967,1.0,0.1060287281870842
9.224961,1.0,0.09817475080490112
9.249946,1.0,0.11388271301984787
9.274948,1.0,0.1060287281870842
9.299948,1.0,0.1060287281870842
9.324954,1.0,0.12173669040203094
9.349955,1.0,0.14137165248394012
9.374950,1.0,0.1492256224155426
9.399950,1.0,0.2788163125514984
9.424942,1.0,0.3102322518825531
9.449949,1.0,0.31415924429893494
9.474946,1.0,0.3612831234931946
9.499947,1.0,0.4044800400733948
9.524945,1.0,0.42411497235298157
9.549948,1.0,0.4162609875202179
9.574941,1.0,0.44374993443489075
9.599946,1.0,0.4084070324897766
9.624948,1.0,0.43196895718574524
9.649942,1.0,0.4084070324897766
9.674947,1.0,0.40055304765701294
9.699941,1.0,0.3769910931587219
9.724943,1.0,0.32594022154808044
9.749943,1.0,0.30630525946617126
9.774944,1.0,0.2748893201351166
9.799948,1.0,0.2591813802719116
9.824942,1.0,0.2552543878555298
9.849957,1.0,0.22776544094085693
9.874966,1.0,0.18849553167819977
9.899954,1.0,0.18456853926181793
9.924936,1.0,0.16493359208106995
9.949935,1.0,0.1492256224155426
9.974926,1.0,0.1178097054362297
10.024934,1.0,0.10210173577070236
10.049934,1.0,0.07068581134080887
10.074925,1.0,0.07853979617357254
10.099944,1.0,0.08639377355575562
10.124943,1.0,0.08246678113937378
10.149947,1.0,0.11388271301984787
10.174944,1.0,0.1178097054362297
10.199941,1.0,0.12173669040203094
10.224946,1.0,0.12959067523479462
10.249941,1.0,0.14529862999916077
10.274936,1.0,0.1492256224155426
10.299948,1.0,0.1374446600675583
10.324936,1.0,0.12959067523479462
10.349943,1.0,0.13351766765117645
10.374932,1.0,0.12566368281841278
10.399931,1.0,0.12566368281841278
10.424930,1.0,0.1060287281870842
10.449926,1.0,0.1060287281870842
10.474929,1.0,0.09817475080490112
10.499946,1.0,0.08246678113937378
10.524921,1.0,0.09032076597213745
10.574929,1.0,0.1060287281870842
10.599939,1.0,0.09424775838851929
10.624935,1.0,0.09032076597213745
10.649933,1.0,0.07853979617357254
10.674935,1.0,0.09032076597213745
10.724934,1.0,0.09817475080490112
10.749971,1.0,0.09817475080490112
10.774948,1.0,0.09817475080490112
10.799947,1.0,0.09032076597213745
10.824950,1.0,0.09817475080490112
10.849913,1.0,0.10210173577070236
10.874925,1.0,0.1178097054362297
10.899935,1.0,0.1178097054362297
10.924937,1.0,0.12959067523479462
10.949940,1.0,0.1374446600675583
10.974941,1.0,0.13351766765117645
10.999941,1.0,0.34557515382766724
11.024943,1.0,0.45553091168403625
11.074934,1.0,0.5969025492668152
11.099940,1.0,0.6000000238418579
11.124944,1.0,0.6000000238418579
11.149944,1.0,0.6000000238418579
11.174934,1.0,0.6000000238418579
11.224940,1.0,0.6000000238418579
11.249934,1.0,0.6000000238418579
11.274935,1.0,0.6000000238418579
11.299938,1.0,0.6000000238418579
11.324940,1.0,0.6000000238418579
11.374938,1.0,0.6000000238418579
11.399938,1.0,0.6000000238418579
11.424945,1.0,0.6000000238418579
11.449940,1.0,0.6000000238418579
11.474938,1.0,0.6000000238418579
11.524905,1.0,0.6000000238418579
11.574915,1.0,0.6000000238418579
11.624907,1.0,0.6000000238418579
11.624907,1.0,0.6000000238418579
11.649908,1.0,0.6000000238418579
11.674932,1.0,0.6000000238418579
11.724940,1.0,0.5969025492668152
11.774936,1.0,0.5851216316223145
11.824935,1.0,0.5497786998748779
11.849933,1.0,0.5340707302093506
11.874933,1.0,0.5222897529602051
11.924936,1.0,0.4948008060455322
11.974937,1.0,0.4476769268512726
11.999931,1.0,0.42411497235298157
12.024936,1.0,0.40055304765701294
12.049931,1.0,0.3848450779914856
12.074932,1.0,0.34557515382766724
12.099933,1.0,0.3220132291316986
12.124932,1.0,0.2905972898006439
12.174932,1.0,0.2748893201351166
12.224939,1.0,0.21598447859287262
12.274931,1.0,0.19634951651096344
12.324947,1.0,0.16493359208106995
12.349941,1.0,0.15315261483192444
12.399911,1.0,0.12566368281841278
12.399911,1.0,0.09817475080490112
12.424914,1.0,0.0628318339586258
12.424914,1.0,0.027488913387060165
12.449909,1.0,-0.00392701243981719
12.449909,1.0,-0.027488958090543747
12.474904,1.0,-0.04712391272187233
12.474904,1.0,-0.05890488252043724
12.524901,1.0,-0.09817478805780411
12.524901,1.0,-0.11388275772333145
12.574926,1.0,-0.09817478805780411
12.624925,1.0,-0.11780974268913269
12.674918,1.0,-0.10210178047418594
12.674918,1.0,-0.10602877289056778
12.724919,1.0,-0.10995576530694962
12.774919,1.0,-0.09424780309200287
12.824922,1.0,-0.09032081067562103
12.824922,1.0,-0.07853984087705612
12.874917,1.0,-0.06283187121152878
12.874917,1.0,-0.07068585604429245
12.974919,1.0,-0.0549778938293457
13.024924,1.0,-0.031415946781635284
13.074918,1.0,-0.043196920305490494
13.124918,1.0,-0.027488958090543747
13.174919,1.0,-0.031415946781635284
13.224951,1.0,-0.02356196567416191
13.299905,1.0,-0.03534293919801712
13.374893,1.0,-0.031415946781635284
13.499923,1.0,-0.00392701243981719
13.524925,1.0,-2.179294789073083e-08
13.599928,1.0,-0.007854003459215164
13.699924,1.0,0.02356192283332348
13.749928,1.0,0.02356192283332348
13.799927,1.0,0.027488913387060165
13.849895,1.0,0.051050856709480286
13.924886,1.0,0.07853979617357254
13.949904,1.0,0.09424775838851929
13.999885,1.0,0.08246678113937378
14.024885,1.0,0.09032076597213745
14.024885,1.0,0.09032076597213745
14.074894,1.0,0.1178097054362297
14.149918,1.0,0.12173669040203094
14.199908,1.0,0.13351766765117645
14.249888,1.0,0.1492256224155426
14.299887,1.0,0.1492256224155426
14.349886,1.0,0.17278757691383362
14.399922,1.0,0.17278757691383362
14.449917,1.0,0.1806415617465973
14.449917,1.0,0.18456853926181793
14.499918,1.0,0.19634951651096344
14.549920,1.0,0.1924225240945816
14.599918,1.0,0.21205748617649078
14.699894,1.0,0.23169243335723877
14.749898,1.0,0.2356194257736206
14.799926,1.0,0.2356194257736206
14.849893,1.0,0.25132739543914795
14.899903,1.0,0.24347341060638428
14.949896,1.0,0.2356194257736206
14.999914,1.0,0.23169243335723877
15.025016,1.0,0.21205748617649078
15.049913,1.0,0.2042035013437271
15.099890,1.0,0.2042035013437271
15.149881,1.0,0.18456853926181793
15.199888,1.0,0.17671456933021545
15.249886,1.0,0.18849553167819977
15.299896,1.0,0.25132739543914795
15.324890,1.0,0.2356194257736206
15.349884,1.0,0.21205748617649078
15.474903,1.0,0.23169243335723877
15.499887,1.0,0.22776544094085693
15.549890,1.0,0.2238384485244751
15.599890,1.0,0.25132739543914795
15.624889,1.0,0.26310837268829346
15.649893,1.0,0.24347341060638428
15.674936,1.0,0.2591813802719116
15.699893,1.0,0.25132739543914795
15.749892,1.0,0.25132739543914795
15.749892,1.0,0.23954641819000244
15.799887,1.0,0.2356194257736206
15.824883,1.0,0.23954641819000244
15.949890,1.0,0.18849553167819977
15.974868,1.0,0.1060287281870842
15.999865,1.0,0.12173669040203094
16.024883,1.0,0.10995572060346603
16.049887,1.0,0.07853979617357254
16.124871,1.0,0.12173669040203094
16.149874,1.0,0.09424775838851929
16.174881,1.0,0.09032076597213745
16.199869,1.0,0.10995572060346603
16.249867,1.0,0.1178097054362297
16.299876,1.0,0.11388271301984787
16.324889,1.0,0.07068581134080887
16.349869,1.0,0.12566368281841278
16.399872,1.0,0.13351766765117645
16.424875,1.0,0.13351766765117645
16.474878,1.0,0.12173669040203094
16.499891,1.0,0.1492256224155426
16.524868,1.0,0.1492256224155426
16.574884,1.0,0.15707960724830627
16.599879,1.0,0.18456853926181793
16.649878,1.0,0.18456853926181793
16.674878,1.0,0.16886058449745178
16.699880,1.0,0.1610065996646881
16.724897,1.0,0.18456853926181793
16.749888,1.0,0.17671456933021545
16.799873,1.0,0.17671456933021545
16.824909,1.0,0.18849553167819977
16.874865,1.0,0.20027650892734528
16.899854,1.0,0.23954641819000244
16.924883,1.0,0.23954641819000244
16.949883,1.0,0.2238384485244751
16.974878,1.0,0.2591813802719116
16.999876,1.0,0.2552543878555298
17.024875,1.0,0.23954641819000244
17.049875,1.0,0.26310837268829346
17.074880,1.0,0.27096232771873474
17.099876,1.0,0.2552543878555298
17.124875,1.0,0.2748893201351166
17.149886,1.0,0.2788163125514984
17.174875,1.0,0.29452428221702576
17.224876,1.0,0.2984512746334076
17.249859,1.0,0.28274330496788025
17.274854,1.0,0.2905972898006439
17.299873,1.0,0.2984512746334076
17.324860,1.0,0.29452428221702576
17.349864,1.0,0.3495021462440491
17.374854,1.0,0.3652101159095764
17.399852,1.0,0.46731188893318176
17.424865,1.0,0.4712388813495636
17.449868,1.0,0.4830198585987091
17.474874,1.0,0.49872779846191406
17.499864,1.0,0.4948008060455322
17.524867,1.0,0.5105087757110596
17.549865,1.0,0.5065817832946777
17.574873,1.0,0.48694682121276855
17.599869,1.0,0.48694682121276855
17.624856,1.0,0.4830198585987091
17.649865,1.0,0.47909286618232727
17.674873,1.0,0.46731188893318176
17.699901,1.0,0.45553091168403625
17.724897,1.0,0.4516039192676544
17.749860,1.0,0.4358959496021271
17.774879,1.0,0.42411497235298157
17.799867,1.0,0.3966260552406311
17.824876,1.0,0.38091808557510376
17.849858,1.0,0.3612831234931946
17.874854,1.0,0.3337942063808441
17.899863,1.0,0.3298672139644623
17.924853,1.0,0.30237826704978943
17.949867,1.0,0.2788163125514984
17.974873,1.0,0.26310837268829346
17.999867,1.0,0.25132739543914795
18.024867,1.0,0.2238384485244751
18.049851,1.0,0.21991145610809326
18.074872,1.0,0.1924225240945816
18.124852,1.0,0.16493359208106995
18.149869,1.0,0.1374446600675583
18.174858,1.0,0.10995572060346603
18.199840,1.0,0.10995572060346603
18.224862,1.0,0.07853979617357254
18.249864,1.0,0.06675881892442703
18.274872,1.0,0.05890484154224396
18.299869,1.0,0.051050856709480286
18.324868,1.0,0.051050856709480286
18.349868,1.0,0.02356192283332348
18.374864,1.0,0.019634932279586792
18.399862,1.0,0.039269886910915375
18.424866,1.0,0.015707941725850105
18.449867,1.0,0.015707941725850105
18.474869,1.0,-0.007854003459215164
18.499863,1.0,-0.007854003459215164
18.524863,1.0,-0.015707984566688538
18.549864,1.0,-0.019634975120425224
18.574879,1.0,-0.011780994012951851
18.599907,1.0,-0.00392701243981719
18.624886,1.0,-0.02356196567416191
18.649874,1.0,-0.011780994012951851
18.674868,1.0,0.007853959687054157
18.699849,1.0,-2.179294789073083e-08
18.724855,1.0,-0.011780994012951851
18.749867,1.0,0.007853959687054157
18.774864,1.0,0.019634932279586792
18.799847,1.0,-2.179294789073083e-08
18.824858,1.0,0.007853959687054157
18.849849,1.0,0.0039269691333174706
18.874855,1.0,-0.007854003459215164
18.899850,1.0,0.015707941725850105
18.924861,1.0,0.0039269691333174706
18.949857,1.0,0.019634932279586792
18.974861,1.0,0.027488913387060165
18.999866,1.0,0.019634932279586792
19.024859,1.0,0.02356192283332348
19.049862,1.0,0.031415905803442
19.074852,1.0,0.03534289449453354
19.099844,1.0,0.03534289449453354
19.124861,1.0,0.04712386801838875
19.149859,1.0,0.039269886910915375
19.174843,1.0,0.04712386801838875
19.199843,1.0,0.05497784912586212
19.224842,1.0,0.051050856709480286
19.249841,1.0,0.03534289449453354
19.274841,1.0,0.04319687560200691
19.299842,1.0,0.04319687560200691
19.324846,1.0,0.051050856709480286
19.349860,1.0,0.031415905803442
19.374845,1.0,0.04712386801838875
19.399867,1.0,0.039269886910915375
19.424857,1.0,0.039269886910915375
19.449841,1.0,0.03534289449453354
19.474843,1.0,0.04712386801838875
19.500824,1.0,0.027488913387060165
19.524881,1.0,0.027488913387060165
19.549864,1.0,0.027488913387060165
19.574877,1.0,0.015707941725850105
19.599862,1.0,0.011780950240790844
19.624876,1.0,0.015707941725850105
19.649864,1.0,0.0039269691333174706
19.674860,1.0,0.007853959687054157
19.699860,1.0,0.0039269691333174706
19.724856,1.0,-0.007854003459215164
19.749856,1.0,-2.179294789073083e-08
19.774865,1.0,-2.179294789073083e-08
19.799858,1.0,-2.179294789073083e-08
19.824864,1.0,-0.00392701243981719
19.849837,1.0,-2.179294789073083e-08
19.874840,1.0,0.0039269691333174706
19.899837,1.0,0.015707941725850105
19.924837,1.0,0.02356192283332348
19.949838,1.0,0.019634932279586792
19.974834,1.0,0.031415905803442
19.999847,1.0,0.027488913387060165
20.024853,1.0,0.03534289449453354
20.049853,1.0,0.04712386801838875
20.074845,1.0,0.04319687560200691
20.099849,1.0,0.07068581134080887
20.124858,1.0,0.0746128037571907
20.149859,1.0,0.1060287281870842
20.174840,1.0,0.1178097054362297
20.199851,1.0,0.15315261483192444
20.224855,1.0,0.16886058449745178
20.249851,1.0,0.22776544094085693
20.274850,1.0,0.2356194257736206
20.299837,1.0,0.24347341060638428
20.324833,1.0,0.2552543878555298
20.349846,1.0,0.2591813802719116
20.374850,1.0,0.2552543878555298
20.399897,1.0,0.2474004030227661
20.424891,1.0,0.2356194257736206
20.449844,1.0,0.23954641819000244
20.474852,1.0,0.23169243335723877
20.499861,1.0,0.21991145610809326
20.524855,1.0,0.21205748617649078
20.549837,1.0,0.20027650892734528
20.574848,1.0,0.1924225240945816
20.599849,1.0,0.18849553167819977
20.624849,1.0,0.18456853926181793
20.649837,1.0,0.17671456933021545
20.674831,1.0,0.16493359208106995
20.699850,1.0,0.1610065996646881
20.724854,1.0,0.1492256224155426
20.749837,1.0,0.14529862999916077
20.774844,1.0,0.14529862999916077
20.799856,1.0,0.14137165248394012
20.824848,1.0,0.14529862999916077
20.849844,1.0,0.14137165248394012
20.874850,1.0,0.1374446600675583
20.899853,1.0,0.13351766765117645
20.924859,1.0,0.1374446600675583
20.949848,1.0,0.12566368281841278
20.974848,1.0,0.12566368281841278
20.999846,1.0,0.12173669040203094
21.024845,1.0,0.12959067523479462
21.049850,1.0,0.12566368281841278
21.074849,1.0,0.1178097054362297
21.099844,1.0,0.12173669040203094
21.124845,1.0,0.10995572060346603
21.149846,1.0,0.11388271301984787
21.174846,1.0,0.10210173577070236
21.199852,1.0,0.09424775838851929
21.224843,1.0,0.1178097054362297
21.249851,1.0,0.1060287281870842
21.274846,1.0,0.09817475080490112
21.299905,1.0,0.09032076597213745
21.324882,1.0,0.09424775838851929
21.349848,1.0,0.1060287281870842
21.374849,1.0,0.11388271301984787
21.399841,1.0,0.10210173577070236
21.424841,1.0,0.10995572060346603
21.449849,1.0,0.1374446600675583
21.474844,1.0,0.1492256224155426
21.499843,1.0,0.15707960724830627
21.524841,1.0,0.1806415617465973
21.549842,1.0,0.30237826704978943
21.574847,1.0,0.3102322518825531
21.599843,1.0,0.3652101159095764
21.624840,1.0,0.4044800400733948
21.649851,1.0,0.4044800400733948
21.674842,1.0,0.4398229420185089
21.699835,1.0,0.45553091168403625
21.724837,1.0,0.44374993443489075
21.749838,1.0,0.44374993443489075
21.774837,1.0,0.4162609875202179
21.799839,1.0,0.41233402490615845
21.824841,1.0,0.3848450779914856
21.849843,1.0,0.3495021462440491
21.874840,1.0,0.32594022154808044
21.899841,1.0,0.30237826704978943
21.924842,1.0,0.28274330496788025
21.949840,1.0,0.28274330496788025
21.974842,1.0,0.24347341060638428
21.999837,1.0,0.2238384485244751
22.024837,1.0,0.19634951651096344
22.049838,1.0,0.1806415617465973
22.074852,1.0,0.14529862999916077
22.099840,1.0,0.1374446600675583
22.124838,1.0,0.1060287281870842
22.149837,1.0,0.09032076597213745
22.174836,1.0,0.07853979617357254
22.199872,1.0,0.09424775838851929
22.224852,1.0,0.0746128037571907
22.249846,1.0,0.09817475080490112
22.274846,1.0,0.11388271301984787
22.299840,1.0,0.1178097054362297
22.324840,1.0,0.14529862999916077
22.349837,1.0,0.14529862999916077
22.374840,1.0,0.12566368281841278
22.399837,1.0,0.15315261483192444
22.424835,1.0,0.14137165248394012
22.449841,1.0,0.12959067523479462
22.474843,1.0,0.12959067523479462
22.499834,1.0,0.11388271301984787
22.524839,1.0,0.1178097054362297
22.549837,1.0,0.1060287281870842
22.599841,1.0,0.09424775838851929
22.599841,1.0,0.09032076597213745
22.649836,1.0,0.08246678113937378
22.674840,1.0,0.07853979617357254
22.699837,1.0,0.0628318339586258
22.724840,1.0,0.08639377355575562
22.749839,1.0,0.08246678113937378
22.774839,1.0,0.06675881892442703
22.799841,1.0,0.06675881892442703
22.824846,1.0,0.0746128037571907
22.849838,1.0,0.09424775838851929
22.874823,1.0,0.07853979617357254
22.899832,1.0,0.09817475080490112
22.924839,1.0,0.10995572060346603
22.949831,1.0,0.10995572060346603
22.974833,1.0,0.1060287281870842
22.999834,1.0,0.12173669040203094
23.024835,1.0,0.12959067523479462
23.049835,1.0,0.13351766765117645
23.074848,1.0,0.12959067523479462
23.099868,1.0,0.13351766765117645
23.124833,1.0,0.12566368281841278
23.149831,1.0,0.4044800400733948
23.174831,1.0,0.4712388813495636
23.199829,1.0,0.5929756164550781
23.224829,1.0,0.6000000238418579
23.249841,1.0,0.6000000238418579
23.274827,1.0,0.6000000238418579
23.299838,1.0,0.6000000238418579
23.324828,1.0,0.6000000238418579
23.349828,1.0,0.6000000238418579
23.374834,1.0,0.6000000238418579
23.424826,1.0,0.6000000238418579
23.449827,1.0,0.6000000238418579
23.474828,1.0,0.6000000238418579
23.499833,1.0,0.6000000238418579
23.524826,1.0,0.6000000238418579
23.549827,1.0,0.6000000238418579
23.574831,1.0,0.6000000238418579
23.599829,1.0,0.6000000238418579
23.624830,1.0,0.6000000238418579
23.649827,1.0,0.6000000238418579
23.674828,1.0,0.6000000238418579
23.699829,1.0,0.6000000238418579
23.724832,1.0,0.6000000238418579
23.749823,1.0,0.6000000238418579
23.774829,1.0,0.6000000238418579
23.824825,1.0,0.6000000238418579
23.849822,1.0,0.6000000238418579
23.874824,1.0,0.6000000238418579
23.899828,1.0,0.6000000238418579
23.924825,1.0,0.6000000238418579
23.974823,1.0,0.5851216316223145
23.999842,1.0,0.5576326847076416
24.024824,1.0,0.5379977226257324
24.049827,1.0,0.5301437377929688
24.074817,1.0,0.4948008060455322
24.099826,1.0,0.47909286618232727
24.124824,1.0,0.45553091168403625
24.149821,1.0,0.44374993443489075
24.174822,1.0,0.42018797993659973
24.199808,1.0,0.4044800400733948
24.224805,1.0,0.3769910931587219
24.274806,1.0,0.30630525946617126
24.324836,1.0,0.26310837268829346
24.349823,1.0,0.24347341060638428
24.374806,1.0,0.21205748617649078
24.424819,1.0,0.16493359208106995
24.474805,1.0,0.10210173577070236
24.499816,1.0,0.0746128037571907
24.524812,1.0,0.04319687560200691
24.549814,1.0,0.02356192283332348
24.574811,1.0,-0.007854003459215164
24.624816,1.0,-0.02356196567416191
24.674816,1.0,-0.043196920305490494
24.699816,1.0,-0.03926992788910866
24.724810,1.0,-0.04712391272187233
24.774812,1.0,-0.07068585604429245
24.824801,1.0,-0.05890488252043724
24.849802,1.0,-0.07461284846067429
24.874825,1.0,-0.07461284846067429
24.899848,1.0,-0.07068585604429245
24.924826,1.0,-0.06675886362791061
24.974826,1.0,-0.06675886362791061
25.024805,1.0,-0.0549778938293457
25.074834,1.0,-0.05105090141296387
25.099828,1.0,-0.0549778938293457
25.124829,1.0,-0.043196920305490494
25.174808,1.0,-0.03534293919801712
25.224826,1.0,-0.04712391272187233
25.249827,1.0,-0.07068585604429245
25.274803,1.0,-0.043196920305490494
25.324828,1.0,-0.043196920305490494
25.349825,1.0,-0.043196920305490494
25.374815,1.0,-0.04712391272187233
25.424809,1.0,-0.0549778938293457
25.474807,1.0,-0.03926992788910866
25.524826,1.0,-0.031415946781635284
25.574803,1.0,-0.027488958090543747
25.624798,1.0,-0.027488958090543747
25.674793,1.0,-0.02356196567416191
25.724792,1.0,-0.019634975120425224
25.774794,1.0,-2.179294789073083e-08
25.824861,1.0,0.031415905803442
25.874801,1.0,0.015707941725850105
25.924802,1.0,0.027488913387060165
25.974815,1.0,0.04319687560200691
26.024830,1.0,0.05497784912586212
26.074812,1.0,0.08246678113937378
26.124817,1.0,0.09817475080490112
26.174819,1.0,0.09424775838851929
26.224794,1.0,0.11388271301984787
26.274790,1.0,0.12566368281841278
26.324819,1.0,0.1178097054362297
26.374789,1.0,0.14137165248394012
26.424791,1.0,0.16493359208106995
26.474795,1.0,0.16886058449745178
26.524793,1.0,0.1806415617465973
26.574806,1.0,0.18849553167819977
26.624786,1.0,0.18849553167819977
26.674788,1.0,0.18849553167819977
26.724790,1.0,0.20027650892734528
26.774833,1.0,0.20027650892734528
26.849797,1.0,0.2238384485244751
26.874818,1.0,0.23169243335723877
26.924811,1.0,0.2238384485244751
26.999791,1.0,0.2552543878555298
27.024812,1.0,0.24347341060638428
27.074804,1.0,0.2356194257736206
27.099789,1.0,0.21991145610809326
27.149798,1.0,0.22776544094085693
27.174813,1.0,0.20813049376010895
27.224797,1.0,0.2042035013437271
27.274796,1.0,0.2042035013437271
27.349787,1.0,0.21598447859287262
27.399795,1.0,0.2748893201351166
27.424804,1.0,0.2474004030227661
27.499791,1.0,0.2238384485244751
27.549804,1.0,0.16886058449745178
27.574814,1.0,0.12959067523479462
27.649798,1.0,0.23954641819000244
27.699821,1.0,0.2591813802719116
27.749798,1.0,0.25132739543914795
27.799803,1.0,0.21991145610809326
27.849792,1.0,0.2356194257736206
27.899789,1.0,0.23954641819000244
27.924803,1.0,0.2356194257736206
27.999817,1.0,0.21205748617649078
28.049793,1.0,0.17278757691383362
28.049793,1.0,0.15315261483192444
28.074799,1.0,0.13351766765117645
28.149808,1.0,0.10995572060346603
28.199814,1.0,0.08639377355575562
28.249805,1.0,0.11388271301984787
28.299795,1.0,0.09032076597213745
28.349789,1.0,0.10210173577070236
28.399799,1.0,0.1178097054362297
28.449792,1.0,0.09817475080490112
28.499790,1.0,0.14529862999916077
28.549787,1.0,0.15315261483192444
28.599842,1.0,0.14137165248394012
28.649816,1.0,0.16886058449745178
28.699792,1.0,0.1492256224155426
28.749793,1.0,0.17671456933021545
28.799789,1.0,0.1806415617465973
28.849806,1.0,0.16886058449745178
28.899821,1.0,0.16886058449745178
28.949820,1.0,0.17278757691383362
28.949820,1.0,0.1806415617465973
28.999789,1.0,0.17671456933021545
29.049796,1.0,0.23169243335723877
29.099804,1.0,0.21598447859287262
29.149812,1.0,0.2552543878555298
29.199810,1.0,0.2591813802719116
29.249809,1.0,0.28274330496788025
29.299806,1.0,0.2788163125514984
29.349804,1.0,0.3180862367153168
29.449831,1.0,0.2905972898006439
29.499811,1.0,0.3337942063808441
29.549811,1.0,0.44374993443489075
29.599793,1.0,0.46731188893318176
29.649791,1.0,0.4712388813495636
29.699793,1.0,0.4830198585987091
29.749813,1.0,0.4633848965167999
29.799813,1.0,0.45553091168403625
29.849808,1.0,0.4398229420185089
29.899805,1.0,0.4162609875202179
29.924805,1.0,0.3966260552406311
29.999804,1.0,0.3416481912136078
30.074810,1.0,0.2788163125514984
30.074810,1.0,0.25132739543914795
30.149808,1.0,0.2238384485244751
30.199805,1.0,0.20027650892734528
30.224797,1.0,0.1806415617465973
30.249801,1.0,0.1610065996646881
30.299800,1.0,0.14137165248394012
30.349803,1.0,0.11388271301984787
30.374805,1.0,0.08246678113937378
30.399830,1.0,0.08246678113937378
30.424816,1.0,0.0628318339586258
30.449801,1.0,0.0628318339586258
30.499787,1.0,0.04712386801838875
30.524776,1.0,0.051050856709480286
30.549778,1.0,0.04319687560200691
30.574781,1.0,0.031415905803442
30.599782,1.0,0.03534289449453354
30.649781,1.0,0.007853959687054157
30.674782,1.0,0.0039269691333174706
30.699777,1.0,0.007853959687054157
30.724782,1.0,0.007853959687054157
30.749774,1.0,0.0039269691333174706
30.799776,1.0,0.015707941725850105
30.824777,1.0,0.011780950240790844
30.874780,1.0,-0.007854003459215164
30.899775,1.0,0.011780950240790844
30.924773,1.0,-2.179294789073083e-08
30.974797,1.0,0.011780950240790844
30.999778,1.0,0.007853959687054157
31.024787,1.0,0.027488913387060165
31.049782,1.0,0.015707941725850105
31.074798,1.0,0.015707941725850105
31.099776,1.0,0.027488913387060165
31.124773,1.0,0.031415905803442
31.149776,1.0,0.031415905803442
31.174774,1.0,0.039269886910915375
31.199773,1.0,0.03534289449453354
31.224773,1.0,0.04712386801838875
31.249772,1.0,0.05497784912586212
31.274780,1.0,0.03534289449453354
31.324781,1.0,0.05497784912586212
31.349820,1.0,0.05890484154224396
31.374808,1.0,0.051050856709480286
31.399780,1.0,0.04319687560200691
31.424779,1.0,0.039269886910915375
31.449775,1.0,0.04319687560200691
31.474776,1.0,0.04319687560200691
31.524778,1.0,0.04319687560200691
31.549770,1.0,0.039269886910915375
31.574769,1.0,0.027488913387060165
31.599772,1.0,0.03534289449453354
31.624766,1.0,0.03534289449453354
31.649774,1.0,0.015707941725850105
31.674770,1.0,0.02356192283332348
31.699761,1.0,0.011780950240790844
31.724760,1.0,0.015707941725850105
31.749759,1.0,-2.179294789073083e-08
31.774763,1.0,0.007853959687054157
31.799760,1.0,0.0039269691333174706
31.824767,1.0,-0.007854003459215164
31.849769,1.0,-0.011780994012951851
31.874758,1.0,-0.007854003459215164
31.899768,1.0,-0.007854003459215164
31.924758,1.0,-0.011780994012951851
31.949760,1.0,-0.011780994012951851
31.974766,1.0,-2.179294789073083e-08
31.999758,1.0,-0.007854003459215164
32.024765,1.0,-0.015707984566688538
32.049759,1.0,0.019634932279586792
32.074761,1.0,0.015707941725850105
32.099777,1.0,0.031415905803442
32.124763,1.0,0.02356192283332348
32.149766,1.0,0.02356192283332348
32.174763,1.0,0.04319687560200691
32.199763,1.0,0.04319687560200691
32.224763,1.0,0.06675881892442703
32.249777,1.0,0.0628318339586258
32.274812,1.0,0.12173669040203094
32.299806,1.0,0.12173669040203094
32.324769,1.0,0.13351766765117645
32.349767,1.0,0.1610065996646881
32.374768,1.0,0.17671456933021545
32.399767,1.0,0.21598447859287262
32.424763,1.0,0.2238384485244751
32.449764,1.0,0.24347341060638428
32.474764,1.0,0.23954641819000244
32.499767,1.0,0.25132739543914795
32.524764,1.0,0.23954641819000244
32.549765,1.0,0.23954641819000244
32.574764,1.0,0.2238384485244751
32.599766,1.0,0.22776544094085693
32.624762,1.0,0.2238384485244751
32.649763,1.0,0.21205748617649078
32.674766,1.0,0.2042035013437271
32.699766,1.0,0.19634951651096344
32.724753,1.0,0.18849553167819977
32.749753,1.0,0.1924225240945816
32.774758,1.0,0.17671456933021545
32.799759,1.0,0.17278757691383362
32.824759,1.0,0.1610065996646881
32.849759,1.0,0.15707960724830627
32.874759,1.0,0.14529862999916077
32.899760,1.0,0.15315261483192444
32.924758,1.0,0.1492256224155426
32.949758,1.0,0.14137165248394012
32.974760,1.0,0.14529862999916077
32.999758,1.0,0.14137165248394012
33.024766,1.0,0.12959067523479462
33.049745,1.0,0.14137165248394012
33.074740,1.0,0.1374446600675583
33.099757,1.0,0.12173669040203094
33.124754,1.0,0.12566368281841278
33.174779,1.0,0.12959067523479462
33.199809,1.0,0.12566368281841278
33.224785,1.0,0.12173669040203094
33.249761,1.0,0.12173669040203094
33.274767,1.0,0.10995572060346603
33.299767,1.0,0.11388271301984787
33.324758,1.0,0.10995572060346603
33.349766,1.0,0.09817475080490112
33.374758,1.0,0.11388271301984787
33.399754,1.0,0.1060287281870842
33.424760,1.0,0.1060287281870842
33.449754,1.0,0.09817475080490112
33.474763,1.0,0.10995572060346603
33.499756,1.0,0.12959067523479462
33.524768,1.0,0.1178097054362297
33.549754,1.0,0.10995572060346603
33.574761,1.0,0.14137165248394012
33.599762,1.0,0.15707960724830627
33.624755,1.0,0.15707960724830627
33.649758,1.0,0.16886058449745178
33.674751,1.0,0.28274330496788025
33.699756,1.0,0.30630525946617126
33.724768,1.0,0.3180862367153168
33.749758,1.0,0.35735613107681274
33.774762,1.0,0.38877207040786743
33.799752,1.0,0.4398229420185089
33.824747,1.0,0.45553091168403625
33.849755,1.0,0.4358959496021271
33.874750,1.0,0.44374993443489075
33.899749,1.0,0.41233402490615845
33.924757,1.0,0.40055304765701294
33.949756,1.0,0.39269906282424927
33.974751,1.0,0.3337942063808441
33.999752,1.0,0.3102322518825531
34.024762,1.0,0.30237826704978943
34.049754,1.0,0.2788163125514984
34.074749,1.0,0.25132739543914795
34.099802,1.0,0.2356194257736206
34.124784,1.0,0.21991145610809326
34.149765,1.0,0.1924225240945816
34.174750,1.0,0.1806415617465973
34.199748,1.0,0.16886058449745178
34.224745,1.0,0.1374446600675583
34.249751,1.0,0.12566368281841278
34.274749,1.0,0.09424775838851929
34.299743,1.0,0.08639377355575562
34.324742,1.0,0.0746128037571907
34.349753,1.0,0.09424775838851929
34.374757,1.0,0.09424775838851929
34.399747,1.0,0.1060287281870842
34.424742,1.0,0.12173669040203094
34.449743,1.0,0.1178097054362297
34.474745,1.0,0.13351766765117645
34.499740,1.0,0.14529862999916077
34.524744,1.0,0.15315261483192444
34.549742,1.0,0.1492256224155426
34.574743,1.0,0.1374446600675583
34.599745,1.0,0.12566368281841278
34.624747,1.0,0.14137165248394012
34.649746,1.0,0.1178097054362297
34.674746,1.0,0.11388271301984787
34.699746,1.0,0.09424775838851929
34.724746,1.0,0.09817475080490112
34.749761,1.0,0.09032076597213745
34.774753,1.0,0.08246678113937378
34.799747,1.0,0.0746128037571907
34.824746,1.0,0.0746128037571907
34.849750,1.0,0.0746128037571907
34.874745,1.0,0.08639377355575562
34.899744,1.0,0.0746128037571907
34.924745,1.0,0.07068581134080887
34.949747,1.0,0.08639377355575562
34.974751,1.0,0.10210173577070236
34.999745,1.0,0.08246678113937378
35.024764,1.0,0.09032076597213745
35.049773,1.0,0.08639377355575562
35.074747,1.0,0.08639377355575562
35.099763,1.0,0.10995572060346603
35.124746,1.0,0.1178097054362297
35.149746,1.0,0.10995572060346603
35.174750,1.0,0.1178097054362297
35.199746,1.0,0.1178097054362297
35.224743,1.0,0.12173669040203094
35.249746,1.0,0.12173669040203094
35.274745,1.0,0.2984512746334076
35.299742,1.0,0.4633848965167999
35.324745,1.0,0.5772676467895508
35.349746,1.0,0.6000000238418579
35.374747,1.0,0.6000000238418579
35.399744,1.0,0.6000000238418579
35.424740,1.0,0.6000000238418579
35.449744,1.0,0.6000000238418579
35.474741,1.0,0.6000000238418579
35.499744,1.0,0.6000000238418579
35.524740,1.0,0.6000000238418579
35.549745,1.0,0.6000000238418579
35.574744,1.0,0.6000000238418579
35.599744,1.0,0.6000000238418579
35.624744,1.0,0.6000000238418579
35.649741,1.0,0.6000000238418579
35.674754,1.0,0.6000000238418579
35.699742,1.0,0.6000000238418579
35.724739,1.0,0.6000000238418579
35.749738,1.0,0.6000000238418579
35.774743,1.0,0.6000000238418579
35.799739,1.0,0.6000000238418579
35.824743,1.0,0.6000000238418579
35.849740,1.0,0.6000000238418579
35.874738,1.0,0.6000000238418579
35.899740,1.0,0.6000000238418579
35.924741,1.0,0.6000000238418579
35.949799,1.0,0.6000000238418579
35.974760,1.0,0.6000000238418579
35.999737,1.0,0.6000000238418579
36.024738,1.0,0.6000000238418579
36.049736,1.0,0.6000000238418579
36.074736,1.0,0.5969025492668152
36.099741,1.0,0.5890486240386963
36.124736,1.0,0.5694136619567871
36.149746,1.0,0.5497786998748779
36.174768,1.0,0.5301437377929688
36.199752,1.0,0.5105087757110596
36.224741,1.0,0.4830198585987091
36.249739,1.0,0.46731188893318176
36.274736,1.0,0.4516039192676544
36.299737,1.0,0.4280419647693634
36.324735,1.0,0.4084070324897766
36.349737,1.0,0.3848450779914856
36.399899,1.0,0.32594022154808044
36.424755,1.0,0.2905972898006439
36.449750,1.0,0.27096232771873474
36.474760,1.0,0.2356194257736206
36.499758,1.0,0.21991145610809326
36.524756,1.0,0.1806415617465973
36.549751,1.0,0.16886058449745178
36.574754,1.0,0.15315261483192444
36.599751,1.0,0.1178097054362297
36.624751,1.0,0.09032076597213745
36.649753,1.0,0.05497784912586212
36.674755,1.0,0.03534289449453354
36.699751,1.0,0.02356192283332348
36.724750,1.0,-0.007854003459215164
36.749753,1.0,-0.007854003459215164
36.774755,1.0,-0.027488958090543747
36.799750,1.0,-0.03534293919801712
36.824754,1.0,-0.03926992788910866
36.849758,1.0,-0.03926992788910866
36.874750,1.0,-0.06283187121152878
36.899766,1.0,-0.06675886362791061
36.924747,1.0,-0.07068585604429245
36.949756,1.0,-0.06283187121152878
36.974742,1.0,-0.06283187121152878
36.999727,1.0,-0.07461284846067429
37.024730,1.0,-0.07068585604429245
37.049734,1.0,-0.07068585604429245
37.074720,1.0,-0.0549778938293457
37.099733,1.0,-0.0549778938293457
37.124730,1.0,-0.06675886362791061
37.149719,1.0,-0.05890488252043724
37.174714,1.0,-0.0549778938293457
37.199726,1.0,-0.0549778938293457
37.224734,1.0,-0.0549778938293457
37.249720,1.0,-0.043196920305490494
37.274715,1.0,-0.043196920305490494
37.299739,1.0,-0.043196920305490494
37.324733,1.0,-0.03534293919801712
37.349723,1.0,-0.04712391272187233
37.374718,1.0,-0.05105090141296387
37.399711,1.0,-0.04712391272187233
37.424725,1.0,-0.04712391272187233
37.474708,1.0,-0.0549778938293457
37.499712,1.0,-0.05105090141296387
37.524721,1.0,-0.05890488252043724
37.549714,1.0,-0.0549778938293457
37.574720,1.0,-0.04712391272187233
37.599713,1.0,-0.04712391272187233
37.624712,1.0,-0.05105090141296387
37.649724,1.0,-0.06283187121152878
37.674711,1.0,-0.03534293919801712
37.699721,1.0,-0.03926992788910866
37.724724,1.0,-0.027488958090543747
37.749722,1.0,-0.031415946781635284
37.774713,1.0,-0.03534293919801712
37.824739,1.0,-0.027488958090543747
37.849727,1.0,-0.019634975120425224
37.874721,1.0,-0.011780994012951851
37.899711,1.0,-0.00392701243981719
37.924706,1.0,-0.007854003459215164
37.974708,1.0,0.0039269691333174706
37.999718,1.0,0.0039269691333174706
38.024723,1.0,-2.179294789073083e-08
38.049708,1.0,0.007853959687054157
38.074720,1.0,0.019634932279586792
38.099710,1.0,0.03534289449453354
38.124707,1.0,0.03534289449453354
38.174704,1.0,0.05497784912586212
38.224730,1.0,0.0746128037571907
38.249711,1.0,0.08246678113937378
38.274708,1.0,0.07853979617357254
38.324706,1.0,0.09817475080490112
38.374717,1.0,0.1178097054362297
38.424720,1.0,0.12566368281841278
38.474706,1.0,0.12959067523479462
38.524716,1.0,0.15315261483192444
38.574705,1.0,0.17671456933021545
38.624709,1.0,0.16493359208106995
38.674703,1.0,0.1924225240945816
38.724738,1.0,0.19634951651096344
38.774705,1.0,0.18849553167819977
38.824717,1.0,0.18849553167819977
38.874713,1.0,0.20813049376010895
38.924712,1.0,0.21991145610809326
38.974704,1.0,0.2238384485244751
39.024715,1.0,0.23169243335723877
39.049706,1.0,0.2238384485244751
39.074711,1.0,0.21598447859287262
39.099715,1.0,0.23954641819000244
39.124719,1.0,0.23169243335723877
39.174699,1.0,0.22776544094085693
39.224713,1.0,0.21991145610809326
39.324724,1.0,0.2042035013437271
39.374698,1.0,0.23169243335723877
39.424709,1.0,0.20813049376010895
39.474700,1.0,0.2238384485244751
39.524711,1.0,0.27096232771873474
39.574710,1.0,0.2474004030227661
39.624751,1.0,0.19634951651096344
39.699697,1.0,0.1492256224155426
39.724692,1.0,0.20027650892734528
39.774692,1.0,0.21205748617649078
39.849693,1.0,0.24347341060638428
39.874704,1.0,0.23169243335723877
39.874704,1.0,0.23954641819000244
39.924709,1.0,0.2591813802719116
39.999699,1.0,0.2552543878555298
40.049690,1.0,0.2356194257736206
40.074690,1.0,0.23954641819000244
40.149689,1.0,0.21205748617649078
40.199691,1.0,0.17278757691383362
40.224698,1.0,0.14529862999916077
40.299709,1.0,0.09817475080490112
40.349699,1.0,0.10210173577070236
40.399725,1.0,0.1060287281870842
40.449726,1.0,0.10210173577070236
40.474728,1.0,0.09424775838851929
40.549751,1.0,0.12566368281841278
40.599723,1.0,0.0746128037571907
40.624705,1.0,0.1178097054362297
40.699703,1.0,0.12566368281841278
40.749703,1.0,0.12566368281841278
40.799713,1.0,0.1492256224155426
40.849735,1.0,0.15315261483192444
40.899722,1.0,0.16493359208106995
40.949727,1.0,0.17278757691383362
40.999728,1.0,0.1806415617465973
41.049722,1.0,0.16493359208106995
41.099723,1.0,0.19634951651096344
41.149722,1.0,0.1924225240945816
41.199714,1.0,0.22776544094085693
41.249722,1.0,0.2356194257736206
41.299723,1.0,0.2356194257736206
41.349717,1.0,0.26310837268829346
41.399714,1.0,0.27096232771873474
41.451406,1.0,0.2748893201351166
41.499729,1.0,0.30630525946617126
41.549689,1.0,0.2984512746334076
41.599704,1.0,0.2905972898006439
41.649685,1.0,0.36913710832595825
41.699694,1.0,0.4594579041004181
41.749733,1.0,0.4948008060455322
41.799724,1.0,0.48694682121276855
41.849690,1.0,0.4830198585987091
41.899706,1.0,0.47909286618232727
41.949711,1.0,0.46731188893318176
41.999713,1.0,0.4398229420185089
42.149708,1.0,0.3416481912136078
42.174703,1.0,0.3337942063808441
42.199706,1.0,0.30237826704978943
42.249714,1.0,0.2670353651046753
42.299719,1.0,0.21991145610809326
42.349679,1.0,0.1924225240945816
42.374707,1.0,0.16886058449745178
42.399719,1.0,0.1610065996646881
42.449729,1.0,0.1374446600675583
42.499700,1.0,0.09032076597213745
42.549691,1.0,0.06675881892442703
42.599679,1.0,0.04712386801838875
42.649718,1.0,0.031415905803442
42.699648,1.0,0.019634932279586792
42.724697,1.0,0.02356192283332348
42.749687,1.0,0.0039269691333174706
42.799677,1.0,-2.179294789073083e-08
42.849695,1.0,-0.00392701243981719
42.899678,1.0,-0.007854003459215164
42.924696,1.0,0.007853959687054157
42.949717,1.0,0.007853959687054157
42.999685,1.0,-0.007854003459215164
43.049693,1.0,0.0039269691333174706
43.074678,1.0,-0.00392701243981719
43.099699,1.0,-0.00392701243981719
43.124705,1.0,-2.179294789073083e-08
43.149699,1.0,0.011780950240790844
43.199703,1.0,0.02356192283332348
43.224662,1.0,0.02356192283332348
43.249711,1.0,0.0039269691333174706
43.274683,1.0,0.007853959687054157
43.299713,1.0,0.02356192283332348
43.324718,1.0,0.019634932279586792
43.349713,1.0,0.031415905803442
43.374710,1.0,0.031415905803442
43.399714,1.0,0.031415905803442
43.424707,1.0,0.02356192283332348
43.449709,1.0,0.027488913387060165
43.474675,1.0,0.031415905803442
43.499660,1.0,0.015707941725850105
43.549680,1.0,0.02356192283332348
43.574669,1.0,0.027488913387060165
43.599647,1.0,0.011780950240790844
43.624691,1.0,0.019634932279586792
43.649701,1.0,0.02356192283332348
43.699698,1.0,0.015707941725850105
43.724656,1.0,0.02356192283332348
43.749676,1.0,0.015707941725850105
43.774680,1.0,0.015707941725850105
43.799683,1.0,0.0039269691333174706
43.849702,1.0,-2.179294789073083e-08
43.874657,1.0,-0.00392701243981719
43.899795,1.0,-0.007854003459215164
43.924699,1.0,-0.011780994012951851
43.949727,1.0,-0.007854003459215164
43.974687,1.0,-0.007854003459215164
43.999700,1.0,-0.019634975120425224
44.024649,1.0,-0.015707984566688538
44.049644,1.0,-0.015707984566688538
44.074691,1.0,-0.011780994012951851
44.099654,1.0,-0.019634975120425224
44.124688,1.0,-0.011780994012951851
44.149646,1.0,-0.015707984566688538
44.174670,1.0,-0.015707984566688538
44.199647,1.0,0.011780950240790844
44.224671,1.0,0.011780950240790844
44.249687,1.0,0.019634932279586792
44.274686,1.0,0.019634932279586792
44.299654,1.0,0.027488913387060165
44.324674,1.0,0.039269886910915375
44.349669,1.0,0.03534289449453354
44.374665,1.0,0.05890484154224396
44.399668,1.0,0.07853979617357254
44.424666,1.0,0.08246678113937378
44.449683,1.0,0.10995572060346603
44.474663,1.0,0.14137165248394012
44.499651,1.0,0.1610065996646881
44.524646,1.0,0.20813049376010895
44.549651,1.0,0.21991145610809326
44.574651,1.0,0.23954641819000244
44.599663,1.0,0.25132739543914795
44.624645,1.0,0.2591813802719116
44.649641,1.0,0.26310837268829346
44.674660,1.0,0.2591813802719116
44.699655,1.0,0.25132739543914795
44.724667,1.0,0.22776544094085693
44.749653,1.0,0.2356194257736206
44.774652,1.0,0.2238384485244751
44.799665,1.0,0.21598447859287262
44.824652,1.0,0.2042035013437271
44.849644,1.0,0.19634951651096344
44.874666,1.0,0.18849553167819977
44.899670,1.0,0.18849553167819977
44.924646,1.0,0.1806415617465973
44.949685,1.0,0.16886058449745178
44.974640,1.0,0.16493359208106995
44.999667,1.0,0.15315261483192444
45.024651,1.0,0.14529862999916077
45.049651,1.0,0.15315261483192444
45.074644,1.0,0.14137165248394012
45.099650,1.0,0.1492256224155426
45.124649,1.0,0.1492256224155426
45.149648,1.0,0.1374446600675583
45.174644,1.0,0.14137165248394012
45.199662,1.0,0.1374446600675583
45.224650,1.0,0.12566368281841278
45.249656,1.0,0.12959067523479462
45.274640,1.0,0.12173669040203094
45.299635,1.0,0.12959067523479462
45.324649,1.0,0.12566368281841278
45.349646,1.0,0.1178097054362297
45.374652,1.0,0.11388271301984787
45.399645,1.0,0.1060287281870842
45.424665,1.0,0.1178097054362297
45.449643,1.0,0.1060287281870842
45.474642,1.0,0.09424775838851929
45.499647,1.0,0.12173669040203094
45.524647,1.0,0.10995572060346603
45.549652,1.0,0.09817475080490112
45.574645,1.0,0.1060287281870842
45.599657,1.0,0.10210173577070236
45.624655,1.0,0.10210173577070236
45.649646,1.0,0.1178097054362297
45.674681,1.0,0.11388271301984787
45.699689,1.0,0.10995572060346603
45.724678,1.0,0.12566368281841278
45.749652,1.0,0.12959067523479462
45.774646,1.0,0.16886058449745178
45.799646,1.0,0.1610065996646881
45.824676,1.0,0.27096232771873474
45.849675,1.0,0.30237826704978943
45.874647,1.0,0.33772119879722595
45.899674,1.0,0.39269906282424927
45.924674,1.0,0.43196895718574524
45.949650,1.0,0.47516587376594543
45.974644,1.0,0.4633848965167999
45.999648,1.0,0.46731188893318176
46.024648,1.0,0.43196895718574524
46.049641,1.0,0.42411497235298157
46.074644,1.0,0.38091808557510376
46.099670,1.0,0.3769910931587219
46.124648,1.0,0.3848450779914856
46.149642,1.0,0.3337942063808441
46.174645,1.0,0.2984512746334076
46.199643,1.0,0.27096232771873474
46.224655,1.0,0.26310837268829346
46.249657,1.0,0.23954641819000244
46.274643,1.0,0.21205748617649078
46.299647,1.0,0.20027650892734528
46.324659,1.0,0.17278757691383362
46.349672,1.0,0.16493359208106995
46.374670,1.0,0.14529862999916077
46.399650,1.0,0.12173669040203094
46.424670,1.0,0.09032076597213745
46.449669,1.0,0.09424775838851929
46.474642,1.0,0.10210173577070236
46.499645,1.0,0.10210173577070236
46.524644,1.0,0.10210173577070236
46.549651,1.0,0.1178097054362297
46.574646,1.0,0.12959067523479462
46.599644,1.0,0.13351766765117645
46.624643,1.0,0.14529862999916077
46.649668,1.0,0.15707960724830627
46.674643,1.0,0.1610065996646881
46.699649,1.0,0.14137165248394012
46.724648,1.0,0.1374446600675583
46.749670,1.0,0.12566368281841278
46.774643,1.0,0.10995572060346603
46.799666,1.0,0.10995572060346603
46.824647,1.0,0.10995572060346603
46.849674,1.0,0.09032076597213745
46.874645,1.0,0.09032076597213745
46.899648,1.0,0.07853979617357254
46.924644,1.0,0.07068581134080887
46.949668,1.0,0.0746128037571907
46.974646,1.0,0.06675881892442703
46.999650,1.0,0.08639377355575562
47.024644,1.0,0.07853979617357254
47.049646,1.0,0.0628318339586258
47.074661,1.0,0.0628318339586258
47.099660,1.0,0.0746128037571907
47.124641,1.0,0.08639377355575562
47.149661,1.0,0.07853979617357254
47.174648,1.0,0.08639377355575562
47.199663,1.0,0.10210173577070236
47.224644,1.0,0.10210173577070236
47.249669,1.0,0.12959067523479462
47.274642,1.0,0.12173669040203094
47.299637,1.0,0.1374446600675583
47.324645,1.0,0.12566368281841278
47.349658,1.0,0.12959067523479462
47.374660,1.0,0.13351766765117645
47.399660,1.0,0.3534291386604309
47.424644,1.0,0.4594579041004181
47.449654,1.0,0.4908738136291504
47.474643,1.0,0.6000000238418579
47.499652,1.0,0.6000000238418579
47.524640,1.0,0.6000000238418579
47.549639,1.0,0.6000000238418579
47.574641,1.0,0.6000000238418579
47.599645,1.0,0.6000000238418579
47.624655,1.0,0.6000000238418579
47.649655,1.0,0.6000000238418579
47.674645,1.0,0.6000000238418579
47.699654,1.0,0.6000000238418579
47.724643,1.0,0.6000000238418579
47.749654,1.0,0.6000000238418579
47.774645,1.0,0.6000000238418579
47.799658,1.0,0.6000000238418579
47.824642,1.0,0.6000000238418579
47.849640,1.0,0.6000000238418579
47.874653,1.0,0.6000000238418579
47.899653,1.0,0.6000000238418579
47.924657,1.0,0.6000000238418579
47.949662,1.0,0.6000000238418579
47.974667,1.0,0.6000000238418579
47.999667,1.0,0.6000000238418579
48.024662,1.0,0.6000000238418579
48.049675,1.0,0.6000000238418579
48.074664,1.0,0.6000000238418579
48.099647,1.0,0.6000000238418579
48.124665,1.0,0.6000000238418579
48.149673,1.0,0.6000000238418579
48.174654,1.0,0.5890486240386963
48.199639,1.0,0.5890486240386963
48.224645,1.0,0.5694136619567871
48.249666,1.0,0.5537056922912598
48.274668,1.0,0.5379977226257324
48.299638,1.0,0.5262167453765869
48.324644,1.0,0.5144357681274414
48.349637,1.0,0.4830198585987091
48.374670,1.0,0.4712388813495636
48.399632,1.0,0.44374993443489075
48.424653,1.0,0.42411497235298157
48.449639,1.0,0.39269906282424927
48.474639,1.0,0.3769910931587219
48.499658,1.0,0.34557515382766724
48.524632,1.0,0.3180862367153168
48.549648,1.0,0.29452428221702576
48.574657,1.0,0.2670353651046753
48.599656,1.0,0.22776544094085693
48.624661,1.0,0.20813049376010895
48.649657,1.0,0.17278757691383362
48.674650,1.0,0.15707960724830627
48.699651,1.0,0.14529862999916077
48.724647,1.0,0.10995572060346603
48.749653,1.0,0.08246678113937378
48.774652,1.0,0.05497784912586212
48.799647,1.0,0.03534289449453354
48.824653,1.0,0.027488913387060165
48.849649,1.0,-0.00392701243981719
48.874667,1.0,-0.007854003459215164
48.899653,1.0,-0.019634975120425224
48.924655,1.0,-0.03534293919801712
48.949651,1.0,-0.03534293919801712
48.974657,1.0,-0.03534293919801712
48.999651,1.0,-0.04712391272187233
49.024653,1.0,-0.06675886362791061
49.049651,1.0,-0.06675886362791061
49.074651,1.0,-0.06283187121152878
49.099653,1.0,-0.05890488252043724
49.124650,1.0,-0.06675886362791061
49.149650,1.0,-0.07068585604429245
49.174652,1.0,-0.06675886362791061
49.199647,1.0,-0.06675886362791061
49.224654,1.0,-0.05890488252043724
49.249653,1.0,-0.07461284846067429
49.274649,1.0,-0.06675886362791061
49.299659,1.0,-0.05105090141296387
49.324681,1.0,-0.0549778938293457
49.349655,1.0,-0.05890488252043724
49.374654,1.0,-0.0549778938293457
49.399649,1.0,-0.04712391272187233
49.424649,1.0,-0.03534293919801712
49.449646,1.0,-0.03534293919801712
49.474646,1.0,-0.05105090141296387
49.499649,1.0,-0.07461284846067429
49.524647,1.0,-0.06675886362791061
49.549644,1.0,-0.05105090141296387
49.574657,1.0,-0.04712391272187233
49.599650,1.0,-0.03926992788910866
49.624662,1.0,-0.043196920305490494
49.649648,1.0,-0.0549778938293457
49.674648,1.0,-0.0549778938293457
49.699645,1.0,-0.043196920305490494
49.724649,1.0,-0.04712391272187233
49.749646,1.0,-0.04712391272187233
49.774652,1.0,-0.04712391272187233
49.799653,1.0,-0.03926992788910866
49.824651,1.0,-0.03926992788910866
49.849645,1.0,-0.027488958090543747
49.874651,1.0,-0.031415946781635284
49.899644,1.0,-0.03534293919801712
49.924651,1.0,-0.02356196567416191
49.949647,1.0,-0.027488958090543747
49.974648,1.0,-0.027488958090543747
49.999644,1.0,0.0039269691333174706
50.024648,1.0,-0.007854003459215164
50.049644,1.0,-0.007854003459215164
50.074650,1.0,0.0039269691333174706
50.099641,1.0,-2.179294789073083e-08
50.124667,1.0,0.011780950240790844
50.149644,1.0,0.007853959687054157
50.174647,1.0,0.007853959687054157
50.199643,1.0,0.02356192283332348
50.224643,1.0,0.02356192283332348
50.249647,1.0,0.04319687560200691
50.274644,1.0,0.05890484154224396
50.299647,1.0,0.051050856709480286
50.324650,1.0,0.06675881892442703
50.349646,1.0,0.08246678113937378
50.374654,1.0,0.0746128037571907
50.399644,1.0,0.09032076597213745
50.424643,1.0,0.09424775838851929
50.449645,1.0,0.1060287281870842
50.474644,1.0,0.11388271301984787
50.499651,1.0,0.10995572060346603
50.524646,1.0,0.11388271301984787
50.549645,1.0,0.12173669040203094
50.574644,1.0,0.12173669040203094
50.599648,1.0,0.12959067523479462
50.624645,1.0,0.1492256224155426
50.649644,1.0,0.15707960724830627
50.674649,1.0,0.1492256224155426
50.699644,1.0,0.1806415617465973
50.724643,1.0,0.17671456933021545
50.749658,1.0,0.16886058449745178
50.774644,1.0,0.17278757691383362
50.824644,1.0,0.1806415617465973
50.849656,1.0,0.18456853926181793
50.874644,1.0,0.2042035013437271
50.899643,1.0,0.19634951651096344
50.924649,1.0,0.20813049376010895
50.949659,1.0,0.19634951651096344
50.974649,1.0,0.23169243335723877
51.024649,1.0,0.20813049376010895
51.049651,1.0,0.2042035013437271
51.074643,1.0,0.20813049376010895
51.099647,1.0,0.21598447859287262
51.124644,1.0,0.23169243335723877
51.174645,1.0,0.20813049376010895
51.199649,1.0,0.21991145610809326
51.224646,1.0,0.24347341060638428
51.249648,1.0,0.25132739543914795
51.274645,1.0,0.23169243335723877
51.324647,1.0,0.23169243335723877
51.399626,1.0,0.2238384485244751
51.424623,1.0,0.20813049376010895
51.449646,1.0,0.19634951651096344
51.474639,1.0,0.21205748617649078
51.524633,1.0,0.19634951651096344
51.574691,1.0,0.18849553167819977
51.599668,1.0,0.2238384485244751
51.624622,1.0,0.21205748617649078
51.674616,1.0,0.26310837268829346
51.724623,1.0,0.2356194257736206
51.774617,1.0,0.1806415617465973
51.824619,1.0,0.14137165248394012
51.874643,1.0,0.2238384485244751
51.924635,1.0,0.23169243335723877
51.974644,1.0,0.22776544094085693
51.974644,1.0,0.2552543878555298
52.024621,1.0,0.2356194257736206
52.075683,1.0,0.24347341060638428
52.075683,1.0,0.2474004030227661
52.124651,1.0,0.25132739543914795
52.174644,1.0,0.23954641819000244
52.224763,1.0,0.2356194257736206
52.274633,1.0,0.1924225240945816
52.324634,1.0,0.16493359208106995
52.374641,1.0,0.12566368281841278
52.424629,1.0,0.1060287281870842
52.474630,1.0,0.13351766765117645
52.524640,1.0,0.12566368281841278
52.574630,1.0,0.1060287281870842
52.624645,1.0,0.14137165248394012
52.674631,1.0,0.10210173577070236
52.724631,1.0,0.0746128037571907
52.774637,1.0,0.13351766765117645
52.824650,1.0,0.12566368281841278
52.874639,1.0,0.13351766765117645
52.924650,1.0,0.15707960724830627
52.974636,1.0,0.17671456933021545
53.024643,1.0,0.15315261483192444
53.074625,1.0,0.15315261483192444
53.124649,1.0,0.1610065996646881
53.174628,1.0,0.1610065996646881
53.224645,1.0,0.16886058449745178
53.274633,1.0,0.18456853926181793
53.324630,1.0,0.23169243335723877
53.374640,1.0,0.25132739543914795
53.424629,1.0,0.2356194257736206
53.474629,1.0,0.2591813802719116
53.549625,1.0,0.27096232771873474
53.574649,1.0,0.3220132291316986
53.624656,1.0,0.29452428221702576
53.674627,1.0,0.29452428221702576
53.749623,1.0,0.3416481912136078
53.799626,1.0,0.4712388813495636
53.824604,1.0,0.4712388813495636
53.899631,1.0,0.49872779846191406
53.949598,1.0,0.5144357681274414
53.974610,1.0,0.47909286618232727
54.049655,1.0,0.47516587376594543
54.074628,1.0,0.4633848965167999
54.149644,1.0,0.4358959496021271
54.199629,1.0,0.40055304765701294
54.249646,1.0,0.3652101159095764
54.274619,1.0,0.3495021462440491
54.299622,1.0,0.33772119879722595
54.349611,1.0,0.2866702973842621
54.399623,1.0,0.2474004030227661
54.449646,1.0,0.21205748617649078
54.499621,1.0,0.17671456933021545
54.549619,1.0,0.1492256224155426
54.599620,1.0,0.12566368281841278
54.649633,1.0,0.09032076597213745
54.699593,1.0,0.07068581134080887
54.749631,1.0,0.039269886910915375
54.799593,1.0,0.039269886910915375
54.849598,1.0,0.031415905803442
54.899623,1.0,0.011780950240790844
54.949609,1.0,0.007853959687054157
54.999604,1.0,0.019634932279586792
55.049590,1.0,0.007853959687054157
55.099592,1.0,0.019634932279586792
55.149589,1.0,0.027488913387060165
55.199591,1.0,0.007853959687054157
55.249604,1.0,0.011780950240790844
55.299607,1.0,0.019634932279586792
55.349593,1.0,0.03534289449453354
55.399594,1.0,0.039269886910915375
55.449624,1.0,0.03534289449453354
55.499601,1.0,0.031415905803442
55.549608,1.0,0.03534289449453354
55.574604,1.0,0.039269886910915375
55.599601,1.0,0.04712386801838875
55.649606,1.0,0.027488913387060165
55.699601,1.0,0.039269886910915375
55.724599,1.0,0.031415905803442
55.749602,1.0,0.027488913387060165
55.799600,1.0,0.03534289449453354
55.849610,1.0,0.019634932279586792
55.874632,1.0,0.027488913387060165
55.899594,1.0,0.02356192283332348
55.949585,1.0,0.019634932279586792
55.999579,1.0,0.0039269691333174706
56.049579,1.0,-0.00392701243981719
56.099592,1.0,-2.179294789073083e-08
56.124602,1.0,-0.011780994012951851
56.149598,1.0,-0.007854003459215164
56.199584,1.0,-0.00392701243981719
56.249605,1.0,-2.179294789073083e-08
56.274603,1.0,-0.007854003459215164
56.299626,1.0,-0.00392701243981719
56.324596,1.0,0.015707941725850105
56.349588,1.0,0.015707941725850105
56.399605,1.0,0.02356192283332348
56.424584,1.0,0.031415905803442
56.449581,1.0,0.04319687560200691
56.474605,1.0,0.04319687560200691
56.499648,1.0,0.06675881892442703
56.549596,1.0,0.08639377355575562
56.574596,1.0,0.11388271301984787
56.599601,1.0,0.1178097054362297
56.624604,1.0,0.16886058449745178
56.649595,1.0,0.21991145610809326
56.699608,1.0,0.2356194257736206
56.724592,1.0,0.25132739543914795
56.749593,1.0,0.2552543878555298
56.774592,1.0,0.2591813802719116
56.799592,1.0,0.2552543878555298
56.824591,1.0,0.24347341060638428
56.849592,1.0,0.23169243335723877
56.874590,1.0,0.2356194257736206
56.899627,1.0,0.2238384485244751
56.924595,1.0,0.21991145610809326
56.949592,1.0,0.20813049376010895
56.974592,1.0,0.1924225240945816
56.999596,1.0,0.1924225240945816
57.024592,1.0,0.18849553167819977
57.049591,1.0,0.1806415617465973
57.074590,1.0,0.16886058449745178
57.099591,1.0,0.1610065996646881
57.124606,1.0,0.15315261483192444
57.149603,1.0,0.1492256224155426
57.174596,1.0,0.1492256224155426
57.199598,1.0,0.14137165248394012
57.224597,1.0,0.14529862999916077
57.249594,1.0,0.14529862999916077
57.274596,1.0,0.1374446600675583
57.299597,1.0,0.13351766765117645
57.324602,1.0,0.14137165248394012
57.349597,1.0,0.12959067523479462
57.374600,1.0,0.1178097054362297
57.399599,1.0,0.1178097054362297
57.424593,1.0,0.12959067523479462
57.449596,1.0,0.12959067523479462
57.474630,1.0,0.1178097054362297
57.499619,1.0,0.12566368281841278
57.524601,1.0,0.11388271301984787
57.549595,1.0,0.1178097054362297
57.574590,1.0,0.1060287281870842
57.599590,1.0,0.1060287281870842
57.624593,1.0,0.09817475080490112
57.649601,1.0,0.11388271301984787
57.674587,1.0,0.11388271301984787
57.699598,1.0,0.09424775838851929
57.724603,1.0,0.09817475080490112
57.749589,1.0,0.10210173577070236
57.774589,1.0,0.1060287281870842
57.799589,1.0,0.12566368281841278
57.824589,1.0,0.1178097054362297
57.849589,1.0,0.12959067523479462
57.874593,1.0,0.15315261483192444
57.899593,1.0,0.15707960724830627
57.924600,1.0,0.17278757691383362
57.949589,1.0,0.21991145610809326
57.974588,1.0,0.30630525946617126
57.999592,1.0,0.2984512746334076
58.024590,1.0,0.34557515382766724
58.049589,1.0,0.3966260552406311
58.074589,1.0,0.44374993443489075
58.099591,1.0,0.4594579041004181
58.124585,1.0,0.45553091168403625
58.149617,1.0,0.4633848965167999
58.174584,1.0,0.4280419647693634
58.199583,1.0,0.4084070324897766
58.224582,1.0,0.3966260552406311
58.249579,1.0,0.3612831234931946
58.274585,1.0,0.3298672139644623
58.299583,1.0,0.31415924429893494
58.324581,1.0,0.2984512746334076
58.349602,1.0,0.2748893201351166
58.374585,1.0,0.2670353651046753
58.399590,1.0,0.23169243335723877
58.424582,1.0,0.20813049376010895
58.449582,1.0,0.17278757691383362
58.474582,1.0,0.1610065996646881
58.499586,1.0,0.13351766765117645
58.524581,1.0,0.12566368281841278
58.549603,1.0,0.10210173577070236
58.574580,1.0,0.08246678113937378
58.599582,1.0,0.07853979617357254
58.624587,1.0,0.11388271301984787
58.649592,1.0,0.10995572060346603
58.674582,1.0,0.1178097054362297
58.699585,1.0,0.14529862999916077
58.724583,1.0,0.15315261483192444
58.749596,1.0,0.14529862999916077
58.774580,1.0,0.1492256224155426
58.799584,1.0,0.1492256224155426
58.824580,1.0,0.15315261483192444
58.849582,1.0,0.12173669040203094
58.874580,1.0,0.13351766765117645
58.899585,1.0,0.1178097054362297
58.924605,1.0,0.11388271301984787
58.949600,1.0,0.1060287281870842
58.974599,1.0,0.09424775838851929
58.999585,1.0,0.09032076597213745
59.024585,1.0,0.0746128037571907
59.049581,1.0,0.0746128037571907
59.074580,1.0,0.0628318339586258
59.099582,1.0,0.09424775838851929
59.124580,1.0,0.08639377355575562
59.149604,1.0,0.07068581134080887
59.174570,1.0,0.07068581134080887
59.199584,1.0,0.0628318339586258
59.224578,1.0,0.06675881892442703
59.249576,1.0,0.0746128037571907
59.274564,1.0,0.07853979617357254
59.299574,1.0,0.0746128037571907
59.324579,1.0,0.08246678113937378
59.349563,1.0,0.07853979617357254
59.374592,1.0,0.10210173577070236
59.399585,1.0,0.11388271301984787
59.424562,1.0,0.10995572060346603
59.474579,1.0,0.1178097054362297
59.474579,1.0,0.12173669040203094
59.499589,1.0,0.11388271301984787
59.524579,1.0,0.12566368281841278
59.549596,1.0,0.40055304765701294
59.574587,1.0,0.4594579041004181
59.599579,1.0,0.5969025492668152
59.624576,1.0,0.6000000238418579
59.649583,1.0,0.6000000238418579
59.674578,1.0,0.6000000238418579
59.699577,1.0,0.6000000238418579
59.724573,1.0,0.6000000238418579
59.749580,1.0,0.6000000238418579
59.774589,1.0,0.6000000238418579
59.799579,1.0,0.6000000238418579
59.824578,1.0,0.6000000238418579
59.849580,1.0,0.6000000238418579
59.874579,1.0,0.6000000238418579
59.899583,1.0,0.6000000238418579
59.924575,1.0,0.6000000238418579
59.949580,1.0,0.6000000238418579
59.974585,1.0,0.6000000238418579
59.999577,1.0,0.6000000238418579
60.024574,1.0,0.6000000238418579
60.049577,1.0,0.6000000238418579
60.074571,1.0,0.6000000238418579
60.099577,1.0,0.6000000238418579
60.124575,1.0,0.6000000238418579
60.149583,1.0,0.6000000238418579
60.174585,1.0,0.6000000238418579
60.199575,1.0,0.6000000238418579
60.224558,1.0,0.6000000238418579
60.249554,1.0,0.6000000238418579
60.274573,1.0,0.5969025492668152
60.299574,1.0,0.5929756164550781
60.324573,1.0,0.5851216316223145
60.349572,1.0,0.5694136619567871
60.374561,1.0,0.5576326847076416
60.399593,1.0,0.5419247150421143
60.424573,1.0,0.5222897529602051
60.449559,1.0,0.5144357681274414
60.474572,1.0,0.4948008060455322
60.499573,1.0,0.46731188893318176
60.524556,1.0,0.44374993443489075
60.549568,1.0,0.4358959496021271
60.574575,1.0,0.41233402490615845
60.599588,1.0,0.38877207040786743
60.624561,1.0,0.3534291386604309
60.649583,1.0,0.3180862367153168
60.674583,1.0,0.2866702973842621
60.699568,1.0,0.2670353651046753
60.724555,1.0,0.2474004030227661
60.749554,1.0,0.21598447859287262
60.774570,1.0,0.2042035013437271
60.799586,1.0,0.16886058449745178
60.824571,1.0,0.15315261483192444
60.849553,1.0,0.12566368281841278
60.874604,1.0,0.09424775838851929
60.899641,1.0,0.07853979617357254
60.924604,1.0,0.039269886910915375
60.949589,1.0,0.019634932279586792
60.974577,1.0,0.0039269691333174706
60.999588,1.0,-0.007854003459215164
61.024574,1.0,-0.02356196567416191
61.049574,1.0,-0.027488958090543747
61.074566,1.0,-0.043196920305490494
61.099573,1.0,-0.03534293919801712
61.124569,1.0,-0.03926992788910866
61.149561,1.0,-0.0549778938293457
61.174548,1.0,-0.06675886362791061
61.199568,1.0,-0.06283187121152878
61.224555,1.0,-0.06675886362791061
61.249547,1.0,-0.07068585604429245
61.274549,1.0,-0.07068585604429245
61.299561,1.0,-0.06675886362791061
61.324570,1.0,-0.06675886362791061
61.349556,1.0,-0.06675886362791061
61.374584,1.0,-0.05890488252043724
61.399591,1.0,-0.06283187121152878
61.424571,1.0,-0.043196920305490494
61.449567,1.0,-0.04712391272187233
61.474571,1.0,-0.04712391272187233
61.499546,1.0,-0.0549778938293457
61.524562,1.0,-0.04712391272187233
61.549577,1.0,-0.03926992788910866
61.574555,1.0,-0.03534293919801712
61.599560,1.0,-0.04712391272187233
61.624552,1.0,-0.043196920305490494
61.649553,1.0,-0.07068585604429245
61.674561,1.0,-0.04712391272187233
61.699560,1.0,-0.043196920305490494
61.724562,1.0,-0.0549778938293457
61.749552,1.0,-0.043196920305490494
61.774549,1.0,-0.06675886362791061
61.799557,1.0,-0.05890488252043724
61.824564,1.0,-0.05890488252043724
61.849544,1.0,-0.04712391272187233
61.874556,1.0,-0.043196920305490494
61.899555,1.0,-0.043196920305490494
61.924544,1.0,-0.03926992788910866
61.949542,1.0,-0.03926992788910866
61.974544,1.0,-0.03534293919801712
61.999554,1.0,-0.031415946781635284
62.024577,1.0,-0.031415946781635284
62.049541,1.0,-0.031415946781635284
62.074548,1.0,-0.027488958090543747
62.099542,1.0,-0.03534293919801712
62.124552,1.0,-0.027488958090543747
62.149554,1.0,-0.011780994012951851
62.174551,1.0,-0.011780994012951851
62.199566,1.0,-0.007854003459215164
62.224563,1.0,0.0039269691333174706
62.249564,1.0,0.015707941725850105
62.274556,1.0,0.0039269691333174706
62.299572,1.0,0.0039269691333174706
62.324555,1.0,0.015707941725850105
62.349572,1.0,0.019634932279586792
62.374555,1.0,0.039269886910915375
62.399572,1.0,0.039269886910915375
62.424553,1.0,0.05890484154224396
62.449582,1.0,0.0746128037571907
62.474555,1.0,0.08639377355575562
62.499563,1.0,0.08639377355575562
62.524560,1.0,0.09817475080490112
62.549562,1.0,0.09817475080490112
62.574553,1.0,0.10995572060346603
62.599568,1.0,0.1060287281870842
62.624557,1.0,0.1178097054362297
62.649570,1.0,0.10995572060346603
62.674553,1.0,0.12173669040203094
62.699553,1.0,0.12173669040203094
62.724555,1.0,0.12959067523479462
62.749568,1.0,0.12173669040203094
62.774555,1.0,0.14137165248394012
62.799561,1.0,0.1492256224155426
62.824555,1.0,0.17278757691383362
62.849563,1.0,0.17671456933021545
62.874543,1.0,0.17671456933021545
62.899553,1.0,0.18456853926181793
62.924559,1.0,0.18456853926181793
62.949571,1.0,0.1924225240945816
62.974542,1.0,0.1924225240945816
62.999548,1.0,0.1924225240945816
63.024553,1.0,0.19634951651096344
63.049574,1.0,0.1924225240945816
63.074554,1.0,0.18849553167819977
63.099553,1.0,0.19634951651096344
63.124554,1.0,0.2042035013437271
63.149558,1.0,0.20813049376010895
63.174552,1.0,0.21205748617649078
63.199562,1.0,0.20813049376010895
63.224553,1.0,0.21598447859287262
63.249568,1.0,0.22776544094085693
63.274556,1.0,0.23954641819000244
63.299555,1.0,0.21598447859287262
63.324556,1.0,0.21991145610809326
63.349552,1.0,0.21598447859287262
63.374566,1.0,0.24347341060638428
63.399561,1.0,0.2552543878555298
63.424552,1.0,0.25132739543914795
63.449589,1.0,0.23169243335723877
63.474562,1.0,0.21991145610809326
63.499547,1.0,0.21991145610809326
63.524548,1.0,0.2238384485244751
63.549553,1.0,0.21598447859287262
63.574571,1.0,0.19634951651096344
63.599559,1.0,0.20813049376010895
63.624539,1.0,0.20027650892734528
63.649546,1.0,0.21598447859287262
63.674551,1.0,0.20027650892734528
63.699558,1.0,0.18849553167819977
63.724549,1.0,0.21598447859287262
63.749555,1.0,0.21205748617649078
63.774562,1.0,0.2748893201351166
63.799544,1.0,0.26310837268829346
63.824550,1.0,0.2474004030227661
63.849544,1.0,0.2238384485244751
63.874554,1.0,0.20027650892734528
63.899545,1.0,0.17671456933021545
63.924550,1.0,0.15707960724830627
63.949546,1.0,0.1374446600675583
63.974552,1.0,0.19634951651096344
63.999544,1.0,0.21205748617649078
64.024558,1.0,0.21598447859287262
64.049545,1.0,0.22776544094085693
64.074727,1.0,0.22776544094085693
64.099576,1.0,0.25132739543914795
64.124565,1.0,0.26310837268829346
64.149539,1.0,0.25132739543914795
64.174525,1.0,0.21991145610809326
64.199538,1.0,0.2356194257736206
64.224540,1.0,0.2552543878555298
64.249536,1.0,0.23954641819000244
64.274548,1.0,0.2356194257736206
64.299551,1.0,0.2474004030227661
64.324547,1.0,0.23169243335723877
64.374536,1.0,0.20027650892734528
64.424556,1.0,0.17278757691383362
64.449551,1.0,0.15707960724830627
64.474546,1.0,0.1492256224155426
64.499552,1.0,0.08639377355575562
64.524545,1.0,0.10995572060346603
64.574552,1.0,0.08639377355575562
64.599543,1.0,0.11388271301984787
64.624550,1.0,0.1178097054362297
64.649549,1.0,0.12173669040203094
64.674542,1.0,0.09032076597213745
64.724522,1.0,0.09817475080490112
64.774534,1.0,0.12173669040203094
64.799539,1.0,0.10995572060346603
64.824535,1.0,0.08246678113937378
64.874538,1.0,0.12173669040203094
64.924524,1.0,0.1492256224155426
64.949523,1.0,0.14137165248394012
64.974524,1.0,0.13351766765117645
64.999532,1.0,0.14529862999916077
65.024522,1.0,0.15707960724830627
65.074535,1.0,0.16886058449745178
65.099543,1.0,0.1924225240945816
65.124521,1.0,0.17671456933021545
65.149524,1.0,0.17278757691383362
65.174525,1.0,0.17671456933021545
65.224524,1.0,0.1610065996646881
65.224524,1.0,0.18849553167819977
65.274530,1.0,0.1492256224155426
65.299541,1.0,0.1610065996646881
65.324534,1.0,0.15315261483192444
65.374515,1.0,0.17278757691383362
65.424528,1.0,0.21991145610809326
65.449517,1.0,0.22776544094085693
65.474516,1.0,0.2238384485244751
65.524532,1.0,0.23954641819000244
65.574526,1.0,0.2474004030227661
65.624558,1.0,0.2788163125514984
65.674517,1.0,0.2591813802719116
65.724534,1.0,0.3102322518825531
65.799514,1.0,0.2788163125514984
65.824527,1.0,0.2984512746334076
65.874512,1.0,0.34557515382766724
65.924545,1.0,0.4516039192676544
65.974517,1.0,0.46731188893318176
66.024529,1.0,0.47909286618232727
66.049514,1.0,0.4948008060455322
66.074514,1.0,0.4830198585987091
66.099524,1.0,0.4712388813495636
66.124550,1.0,0.4712388813495636
66.174538,1.0,0.4712388813495636
66.224528,1.0,0.4398229420185089
66.274524,1.0,0.41233402490615845
66.324523,1.0,0.38091808557510376
66.374522,1.0,0.3416481912136078
66.424511,1.0,0.3102322518825531
66.474544,1.0,0.2591813802719116
66.524509,1.0,0.23954641819000244
66.524509,1.0,0.2238384485244751
66.574509,1.0,0.1924225240945816
66.624514,1.0,0.15315261483192444
66.674522,1.0,0.14137165248394012
66.724509,1.0,0.11388271301984787
66.774527,1.0,0.08639377355575562
66.824522,1.0,0.05890484154224396
66.874516,1.0,0.039269886910915375
66.924524,1.0,0.031415905803442
66.974522,1.0,0.031415905803442
67.024523,1.0,-2.179294789073083e-08
67.099520,1.0,0.0039269691333174706
67.124518,1.0,-2.179294789073083e-08
67.174477,1.0,0.007853959687054157
67.249506,1.0,-0.011780994012951851
67.274518,1.0,0.0039269691333174706
67.324520,1.0,-0.007854003459215164
67.374521,1.0,-0.00392701243981719
67.449508,1.0,0.019634932279586792
67.474520,1.0,0.0039269691333174706
67.524520,1.0,0.015707941725850105
67.599520,1.0,0.015707941725850105
67.649506,1.0,0.027488913387060165
67.674519,1.0,0.027488913387060165
67.749519,1.0,0.015707941725850105
67.799517,1.0,0.027488913387060165
67.824528,1.0,0.02356192283332348
67.899518,1.0,0.019634932279586792
67.949499,1.0,0.011780950240790844
67.999513,1.0,0.027488913387060165
68.049514,1.0,-0.00392701243981719
68.099516,1.0,-2.179294789073083e-08
68.149520,1.0,-0.011780994012951851
68.199515,1.0,-0.00392701243981719
68.249503,1.0,-0.019634975120425224
68.299522,1.0,-0.011780994012951851
68.349512,1.0,-0.019634975120425224
68.399519,1.0,-0.019634975120425224
68.449504,1.0,-2.179294789073083e-08
68.499510,1.0,0.007853959687054157
68.549505,1.0,0.019634932279586792
68.599518,1.0,0.031415905803442
68.649518,1.0,0.07068581134080887
68.674516,1.0,0.11388271301984787
68.699514,1.0,0.11388271301984787
68.749512,1.0,0.14529862999916077
68.799520,1.0,0.21205748617649078
68.849512,1.0,0.24347341060638428
68.899510,1.0,0.25132739543914795
68.949515,1.0,0.2474004030227661
68.999520,1.0,0.2356194257736206
69.049512,1.0,0.21205748617649078
69.149523,1.0,0.18849553167819977
69.199516,1.0,0.16886058449745178
69.249507,1.0,0.15707960724830627
69.299509,1.0,0.14137165248394012
69.349506,1.0,0.14137165248394012
69.399524,1.0,0.14137165248394012
69.449492,1.0,0.14137165248394012
69.499487,1.0,0.12173669040203094
69.549500,1.0,0.13351766765117645
69.599486,1.0,0.12566368281841278
69.649510,1.0,0.12173669040203094
69.699492,1.0,0.12173669040203094
69.724512,1.0,0.10995572060346603
69.749497,1.0,0.09817475080490112
69.799488,1.0,0.11388271301984787
69.849507,1.0,0.1060287281870842
69.874501,1.0,0.10210173577070236
69.899504,1.0,0.12173669040203094
69.949502,1.0,0.10210173577070236
69.999505,1.0,0.1492256224155426
70.024505,1.0,0.14529862999916077
70.049498,1.0,0.1610065996646881
70.074500,1.0,0.29452428221702576
70.099500,1.0,0.2984512746334076
70.149488,1.0,0.38877207040786743
70.174498,1.0,0.40055304765701294
70.199494,1.0,0.4280419647693634
70.224517,1.0,0.4594579041004181
70.249485,1.0,0.4358959496021271
70.299496,1.0,0.42411497235298157
70.324497,1.0,0.41233402490615845
70.349484,1.0,0.3769910931587219
70.374497,1.0,0.3495021462440491
70.399497,1.0,0.3298672139644623
70.424509,1.0,0.30630525946617126
70.449487,1.0,0.28274330496788025
70.474480,1.0,0.26310837268829346
70.499492,1.0,0.23954641819000244
70.549500,1.0,0.20027650892734528
70.574481,1.0,0.16886058449745178
70.599495,1.0,0.15315261483192444
70.624508,1.0,0.13351766765117645
70.649506,1.0,0.12566368281841278
70.699498,1.0,0.07853979617357254
70.724500,1.0,0.0746128037571907
70.749465,1.0,0.09424775838851929
70.774492,1.0,0.09424775838851929
70.799491,1.0,0.13351766765117645
70.824492,1.0,0.12566368281841278
70.849489,1.0,0.13351766765117645
70.874492,1.0,0.14137165248394012
70.899500,1.0,0.12566368281841278
70.924483,1.0,0.1492256224155426
70.949480,1.0,0.14529862999916077
70.974479,1.0,0.1374446600675583
70.999478,1.0,0.12566368281841278
71.024479,1.0,0.12566368281841278
71.049482,1.0,0.1178097054362297
71.074476,1.0,0.1060287281870842
71.099475,1.0,0.10210173577070236
71.124477,1.0,0.09032076597213745
71.149476,1.0,0.08246678113937378
71.174502,1.0,0.08246678113937378
71.199496,1.0,0.08639377355575562
71.224482,1.0,0.07068581134080887
71.249485,1.0,0.09032076597213745
71.274476,1.0,0.07853979617357254
71.299473,1.0,0.07068581134080887
71.324499,1.0,0.06675881892442703
71.349500,1.0,0.07853979617357254
71.374496,1.0,0.08639377355575562
71.399493,1.0,0.07853979617357254
71.424491,1.0,0.08639377355575562
71.449497,1.0,0.08246678113937378
71.474493,1.0,0.07853979617357254
71.499496,1.0,0.08639377355575562
71.524511,1.0,0.10995572060346603
71.549499,1.0,0.10995572060346603
71.574497,1.0,0.10995572060346603
71.599492,1.0,0.12566368281841278
71.624490,1.0,0.12173669040203094
71.649493,1.0,0.1178097054362297
71.674488,1.0,0.4044800400733948
71.699484,1.0,0.4830198585987091
71.724486,1.0,0.6000000238418579
71.749513,1.0,0.6000000238418579
71.774485,1.0,0.6000000238418579
71.799494,1.0,0.6000000238418579
71.824496,1.0,0.6000000238418579
71.849489,1.0,0.6000000238418579
71.874501,1.0,0.6000000238418579
71.899489,1.0,0.6000000238418579
71.924489,1.0,0.6000000238418579
71.949489,1.0,0.6000000238418579
71.974494,1.0,0.6000000238418579
71.999490,1.0,0.6000000238418579
72.024493,1.0,0.6000000238418579
72.049486,1.0,0.6000000238418579
72.074495,1.0,0.6000000238418579
72.099491,1.0,0.6000000238418579
72.124491,1.0,0.6000000238418579
72.149487,1.0,0.6000000238418579
72.174490,1.0,0.6000000238418579
72.199484,1.0,0.6000000238418579
72.224485,1.0,0.6000000238418579
72.249485,1.0,0.6000000238418579
72.274489,1.0,0.6000000238418579
72.299475,1.0,0.6000000238418579
72.324481,1.0,0.6000000238418579
72.349470,1.0,0.6000000238418579
72.374485,1.0,0.6000000238418579
72.399475,1.0,0.6000000238418579
72.424490,1.0,0.6000000238418579
72.449488,1.0,0.6000000238418579
72.474491,1.0,0.5969025492668152
72.499490,1.0,0.5851216316223145
72.524486,1.0,0.5694136619567871
72.549488,1.0,0.5537056922912598
72.574488,1.0,0.5340707302093506
72.599491,1.0,0.5144357681274414
72.624490,1.0,0.5026547908782959
72.649487,1.0,0.4712388813495636
72.674497,1.0,0.4516039192676544
72.699496,1.0,0.43196895718574524
72.724491,1.0,0.42018797993659973
72.749480,1.0,0.38877207040786743
72.774487,1.0,0.3652101159095764
72.799483,1.0,0.33772119879722595
72.824506,1.0,0.30237826704978943
72.849501,1.0,0.2748893201351166
72.874488,1.0,0.2356194257736206
72.899500,1.0,0.21598447859287262
72.924509,1.0,0.17671456933021545
72.949515,1.0,0.17278757691383362
72.974471,1.0,0.1492256224155426
72.999496,1.0,0.1178097054362297
73.024503,1.0,0.09817475080490112
73.049499,1.0,0.05890484154224396
73.074470,1.0,0.04319687560200691
73.099474,1.0,0.02356192283332348
73.124492,1.0,0.0039269691333174706
73.149486,1.0,-0.00392701243981719
73.174486,1.0,-0.031415946781635284
73.199486,1.0,-0.031415946781635284
73.224483,1.0,-0.043196920305490494
73.249482,1.0,-0.043196920305490494
73.274467,1.0,-0.06675886362791061
73.299470,1.0,-0.06675886362791061
73.324461,1.0,-0.07461284846067429
73.349462,1.0,-0.06675886362791061
73.374461,1.0,-0.06675886362791061
73.399466,1.0,-0.06675886362791061
73.424464,1.0,-0.07068585604429245
73.449479,1.0,-0.07068585604429245
73.474466,1.0,-0.06283187121152878
73.499484,1.0,-0.07068585604429245
73.524466,1.0,-0.06675886362791061
73.549461,1.0,-0.06675886362791061
73.574459,1.0,-0.05890488252043724
73.599464,1.0,-0.0549778938293457
73.624459,1.0,-0.05890488252043724
73.649482,1.0,-0.0549778938293457
73.674489,1.0,-0.043196920305490494
73.699479,1.0,-0.05105090141296387
73.724467,1.0,-0.05105090141296387
73.749459,1.0,-0.043196920305490494
73.774478,1.0,-0.06675886362791061
73.799489,1.0,-0.04712391272187233
73.824471,1.0,-0.0549778938293457
73.849458,1.0,-0.05105090141296387
73.874458,1.0,-0.05890488252043724
73.899478,1.0,-0.06283187121152878
73.924476,1.0,-0.06283187121152878
73.949463,1.0,-0.06283187121152878
73.974461,1.0,-0.0549778938293457
73.999458,1.0,-0.05890488252043724
74.024472,1.0,-0.05105090141296387
74.049461,1.0,-0.043196920305490494
74.074458,1.0,-0.03926992788910866
74.099455,1.0,-0.03926992788910866
74.124487,1.0,-0.03534293919801712
74.149464,1.0,-0.031415946781635284
74.174464,1.0,-0.031415946781635284
74.199460,1.0,-0.031415946781635284
74.224456,1.0,-0.02356196567416191
74.249455,1.0,-0.015707984566688538
74.274456,1.0,-0.00392701243981719
74.299476,1.0,-2.179294789073083e-08
74.324483,1.0,-0.00392701243981719
74.349461,1.0,0.007853959687054157
74.374475,1.0,0.015707941725850105
74.399468,1.0,0.007853959687054157
74.424462,1.0,0.011780950240790844
74.449458,1.0,0.011780950240790844
74.474456,1.0,0.019634932279586792
74.499474,1.0,0.04712386801838875
74.524484,1.0,0.04712386801838875
74.549463,1.0,0.05497784912586212
74.574454,1.0,0.07068581134080887
74.599458,1.0,0.08246678113937378
74.624454,1.0,0.07853979617357254
74.649456,1.0,0.08639377355575562
74.674472,1.0,0.09424775838851929
74.699478,1.0,0.09424775838851929
74.724480,1.0,0.10210173577070236
74.749481,1.0,0.11388271301984787
74.774461,1.0,0.1178097054362297
74.799459,1.0,0.11388271301984787
74.824470,1.0,0.12566368281841278
74.849473,1.0,0.12566368281841278
74.874460,1.0,0.13351766765117645
74.899458,1.0,0.15315261483192444
74.924457,1.0,0.15707960724830627
74.949479,1.0,0.1492256224155426
74.974478,1.0,0.18849553167819977
74.999477,1.0,0.17278757691383362
75.024456,1.0,0.16493359208106995
75.049450,1.0,0.18456853926181793
75.074465,1.0,0.1924225240945816
75.099453,1.0,0.20027650892734528
75.124469,1.0,0.20027650892734528
75.149480,1.0,0.19634951651096344
75.174464,1.0,0.19634951651096344
75.199454,1.0,0.20027650892734528
75.224452,1.0,0.20027650892734528
75.249475,1.0,0.21205748617649078
75.274456,1.0,0.20813049376010895
75.299471,1.0,0.20027650892734528
75.324454,1.0,0.21598447859287262
75.349459,1.0,0.21598447859287262
75.374470,1.0,0.21991145610809326
75.399457,1.0,0.2238384485244751
75.424450,1.0,0.23169243335723877
75.449447,1.0,0.21991145610809326
75.474449,1.0,0.21205748617649078
75.499449,1.0,0.2356194257736206
75.524448,1.0,0.23954641819000244
75.549454,1.0,0.24347341060638428
75.574447,1.0,0.22776544094085693
75.599459,1.0,0.23169243335723877
75.624448,1.0,0.2238384485244751
75.649448,1.0,0.21991145610809326
75.674455,1.0,0.21991145610809326
75.699448,1.0,0.2042035013437271
75.724443,1.0,0.2042035013437271
75.749468,1.0,0.21205748617649078
75.774469,1.0,0.22776544094085693
75.799465,1.0,0.21205748617649078
75.824477,1.0,0.21205748617649078
75.849469,1.0,0.2042035013437271
75.874463,1.0,0.2238384485244751
75.899467,1.0,0.2042035013437271
75.924467,1.0,0.2748893201351166
75.949465,1.0,0.2591813802719116
75.974488,1.0,0.24347341060638428
75.999452,1.0,0.2238384485244751
76.024445,1.0,0.1924225240945816
76.049443,1.0,0.16886058449745178
76.074442,1.0,0.1492256224155426
76.099444,1.0,0.21991145610809326
76.124444,1.0,0.2474004030227661
76.149447,1.0,0.23954641819000244
76.174464,1.0,0.24347341060638428
76.199463,1.0,0.22776544094085693
76.224468,1.0,0.2591813802719116
76.249467,1.0,0.24347341060638428
76.274451,1.0,0.2356194257736206
76.299462,1.0,0.21598447859287262
76.324446,1.0,0.24347341060638428
76.349447,1.0,0.23169243335723877
76.374453,1.0,0.23954641819000244
76.399446,1.0,0.2356194257736206
76.424459,1.0,0.21598447859287262
76.449449,1.0,0.23169243335723877
76.474443,1.0,0.21205748617649078
76.499444,1.0,0.1924225240945816
76.524460,1.0,0.19634951651096344
76.549466,1.0,0.15707960724830627
76.574490,1.0,0.15707960724830627
76.599487,1.0,0.17278757691383362
76.624487,1.0,0.1060287281870842
76.649488,1.0,0.11388271301984787
76.674489,1.0,0.09032076597213745
76.699462,1.0,0.09032076597213745
76.724465,1.0,0.12566368281841278
76.749457,1.0,0.10210173577070236
76.774460,1.0,0.10210173577070236
76.799472,1.0,0.1060287281870842
76.824461,1.0,0.09032076597213745
76.849461,1.0,0.09032076597213745
76.874460,1.0,0.08246678113937378
76.899461,1.0,0.08639377355575562
76.924459,1.0,0.11388271301984787
76.949457,1.0,0.09424775838851929
76.974457,1.0,0.08246678113937378
76.999466,1.0,0.08246678113937378
77.024449,1.0,0.10995572060346603
77.049458,1.0,0.12959067523479462
77.074458,1.0,0.1374446600675583
77.099451,1.0,0.12959067523479462
77.124456,1.0,0.12173669040203094
77.149458,1.0,0.1492256224155426
77.174457,1.0,0.16886058449745178
77.199465,1.0,0.14137165248394012
77.224454,1.0,0.1610065996646881
77.249454,1.0,0.1806415617465973
77.274447,1.0,0.16886058449745178
77.299455,1.0,0.18456853926181793
77.324455,1.0,0.16493359208106995
77.349456,1.0,0.1924225240945816
77.374456,1.0,0.16886058449745178
77.399461,1.0,0.15707960724830627
77.424455,1.0,0.1610065996646881
77.449453,1.0,0.17278757691383362
77.474452,1.0,0.18456853926181793
77.499453,1.0,0.17671456933021545
77.524451,1.0,0.18849553167819977
77.549454,1.0,0.21205748617649078
77.574452,1.0,0.22776544094085693
77.599459,1.0,0.2238384485244751
77.624452,1.0,0.23954641819000244
77.649451,1.0,0.25132739543914795
77.674451,1.0,0.2356194257736206
77.699454,1.0,0.2866702973842621
77.724451,1.0,0.2670353651046753
77.749450,1.0,0.2905972898006439
77.774450,1.0,0.2748893201351166
77.799459,1.0,0.2591813802719116
77.824450,1.0,0.2748893201351166
77.849450,1.0,0.3102322518825531
77.874471,1.0,0.2984512746334076
77.899452,1.0,0.28274330496788025
77.924452,1.0,0.2866702973842621
77.949450,1.0,0.2984512746334076
77.974453,1.0,0.2866702973842621
78.024444,1.0,0.45553091168403625
78.049446,1.0,0.4476769268512726
78.074429,1.0,0.4633848965167999
78.099425,1.0,0.4633848965167999
78.124444,1.0,0.4948008060455322
78.174428,1.0,0.5026547908782959
78.199437,1.0,0.4948008060455322
78.224461,1.0,0.4712388813495636
78.249450,1.0,0.4712388813495636
78.274433,1.0,0.47909286618232727
78.324450,1.0,0.4594579041004181
78.374433,1.0,0.43196895718574524
78.399431,1.0,0.41233402490615845
78.424437,1.0,0.40055304765701294
78.474428,1.0,0.38091808557510376
78.474428,1.0,0.36913710832595825
78.524429,1.0,0.3337942063808441
78.549429,1.0,0.31415924429893494
78.574431,1.0,0.2984512746334076
78.624452,1.0,0.2591813802719116
78.674427,1.0,0.21598447859287262
78.724446,1.0,0.1806415617465973
78.774443,1.0,0.15707960724830627
78.799446,1.0,0.14137165248394012
78.824454,1.0,0.12959067523479462
78.874425,1.0,0.08639377355575562
78.924426,1.0,0.06675881892442703
78.949429,1.0,0.05890484154224396
78.974439,1.0,0.04319687560200691
79.024423,1.0,0.027488913387060165
79.074441,1.0,0.015707941725850105
79.124423,1.0,0.0039269691333174706
79.174438,1.0,-2.179294789073083e-08
79.224423,1.0,-0.00392701243981719
79.274435,1.0,-0.007854003459215164
79.324442,1.0,-2.179294789073083e-08
79.374440,1.0,-0.011780994012951851
79.424438,1.0,-0.007854003459215164
79.474438,1.0,-2.179294789073083e-08
79.524439,1.0,0.0039269691333174706
79.574437,1.0,0.019634932279586792
79.624438,1.0,0.0039269691333174706
79.624438,1.0,0.0039269691333174706
79.674438,1.0,0.027488913387060165
79.724437,1.0,0.02356192283332348
79.774438,1.0,0.02356192283332348
79.824437,1.0,0.031415905803442
79.874435,1.0,0.031415905803442
79.924452,1.0,0.027488913387060165
79.974435,1.0,0.019634932279586792
80.024439,1.0,0.015707941725850105
80.074440,1.0,0.019634932279586792
80.124430,1.0,0.015707941725850105
80.174431,1.0,0.007853959687054157
80.224440,1.0,-2.179294789073083e-08
80.274445,1.0,-0.011780994012951851
80.324431,1.0,-0.00392701243981719
80.374426,1.0,-0.019634975120425224
80.424433,1.0,-0.011780994012951851
80.474444,1.0,-0.015707984566688538
80.549434,1.0,-0.011780994012951851
80.574436,1.0,0.007853959687054157
80.624436,1.0,0.015707941725850105
80.699436,1.0,0.02356192283332348
80.724428,1.0,0.04319687560200691
80.774434,1.0,0.07068581134080887
80.824427,1.0,0.1060287281870842
80.874445,1.0,0.16493359208106995
80.924425,1.0,0.22776544094085693
80.974431,1.0,0.25132739543914795
81.024434,1.0,0.2552543878555298
81.049432,1.0,0.2474004030227661
81.074437,1.0,0.23954641819000244
81.099434,1.0,0.22776544094085693
81.124432,1.0,0.23169243335723877
81.199437,1.0,0.20813049376010895
81.249429,1.0,0.18456853926181793
81.274438,1.0,0.1806415617465973
81.324432,1.0,0.16493359208106995
81.399430,1.0,0.1492256224155426
81.449433,1.0,0.15315261483192444
81.474423,1.0,0.14137165248394012
81.549420,1.0,0.14529862999916077
81.599420,1.0,0.1374446600675583
81.624420,1.0,0.12566368281841278
81.699455,1.0,0.12959067523479462
81.749422,1.0,0.12173669040203094
81.774409,1.0,0.1178097054362297
81.824422,1.0,0.11388271301984787
81.899436,1.0,0.1178097054362297
81.949449,1.0,0.09424775838851929
81.974434,1.0,0.09817475080490112
82.049427,1.0,0.10995572060346603
82.099440,1.0,0.11388271301984787
82.124430,1.0,0.12566368281841278
82.199427,1.0,0.17278757691383362
82.249423,1.0,0.30237826704978943
82.274425,1.0,0.38877207040786743
82.349419,1.0,0.47516587376594543
82.399421,1.0,0.45553091168403625
82.449424,1.0,0.4162609875202179
82.499426,1.0,0.3848450779914856
82.549417,1.0,0.3180862367153168
82.599427,1.0,0.2670353651046753
82.649424,1.0,0.23169243335723877
82.699428,1.0,0.18849553167819977
82.749432,1.0,0.14529862999916077
82.799418,1.0,0.09817475080490112
82.849421,1.0,0.08639377355575562
82.899422,1.0,0.10210173577070236
82.949433,1.0,0.14529862999916077
82.999417,1.0,0.13351766765117645
83.049418,1.0,0.1492256224155426
83.099423,1.0,0.13351766765117645
83.149419,1.0,0.1178097054362297
83.199423,1.0,0.10995572060346603
83.249432,1.0,0.09032076597213745
83.299416,1.0,0.08246678113937378
83.349427,1.0,0.0746128037571907
83.399414,1.0,0.08639377355575562
83.449414,1.0,0.09424775838851929
83.499414,1.0,0.09032076597213745
83.549429,1.0,0.08639377355575562
83.599412,1.0,0.09032076597213745
83.649415,1.0,0.10210173577070236
